weeks,Season,GID,name,Pos,Team,h/a,Oppt,FD points,FD salary,game.id,date,playerID,pass.att,pass.comp,passyds,pass.tds,pass.ints,pass.twopta,pass.twoptm,rush.att,rushyds,rushtds,rushlng,rushlngtd,rush.twopta,rush.twoptm,recept,recyds,rec.tds,reclng,reclngtd,rec.twopta,rec.twoptm,kick.rets,kickret.avg,kickret.tds,kick.ret.lng,kickret.lngtd,punt.rets,puntret.avg,puntret.tds,puntret.lng,puntret.lngtd,fgm,fga,fgyds,totpts.fg,xpmade,xpmissed,xpa,xpb,xppts.tot,tackles,asst.tackles,sacks,defints,forced.fumbs,totalfumbs,recfumbs,totalrecfumbs,fumbyds,fumbslost,games,position,proj
9.0,2015,6236,J.Myers,PK,JAC,a,NYJ,12.0,4600.0,2015110805,2015-11-08,00-0031492,0,0,0,0,0,0,0,0,0,0,0,0,0,0,0,0,0,0,0,0,0,0,0,0,0,0,0,0,0,0,0,3,3,45,9,2,0,2,0,2,0,0,0.0,0,0,0,0,0,0,0,1,K,7.0
16.0,2015,6159,M.Prater,PK,DET,h,SF,14.0,4500.0,2015122705,2015-12-27,00-0023853,0,0,0,0,0,0,0,0,0,0,0,0,0,0,0,0,0,0,0,0,0,0,0,0,0,0,0,0,0,0,0,4,4,38,12,2,0,2,0,2,0,0,0.0,0,0,0,0,0,0,0,1,K,8.0
2.0,2015,1254,A.Smith,QB,KC,h,DEN,7.14,6800.0,2015091700,2015-09-17,00-0023436,25,16,191,0,2,0,0,3,15,0,11,0,0,0,0,0,0,0,0,0,0,0,0,0,0,0,0,0,0,0,0,0,0,0,0,0,0,0,0,0,0,0,0.0,0,0,0,0,0,0,0,1,QB,12.32
9.0,2015,5371,J.Langford,RB,CHI,a,SD,23.7,6400.0,2015110900,2015-11-09,00-0031569,0,0,0,0,0,0,0,18,72,1,16,1,1,1,3,70,0,31,0,0,0,0,0,0,0,0,0,0,0,0,0,0,0,0,0,0,0,0,0,0,0,0,0.0,0,0,0,0,0,0,0,1,RB,8.1
6.0,2015,3547,M.Floyd,WR,SD,a,GB,12.0,5400.0,2015101809,2015-10-18,00-0022414,0,0,0,0,0,0,0,0,0,0,0,0,0,0,5,95,0,50,0,0,0,0,0,0,0,0,0,0,0,0,0,0,0,0,0,0,0,0,0,0,0,0,0.0,0,0,0,0,0,0,0,1,WR,4.2
4.0,2015,1155,M.Vick,QB,PIT,h,BAL,12.26,6700.0,2015100100,2015-10-01,00-0020245,26,19,124,1,0,0,0,9,33,0,10,0,0,0,0,0,0,0,0,0,0,0,0,0,0,0,0,0,0,0,0,0,0,0,0,0,0,0,0,0,0,0,0.0,0,0,1,1,1,0,0,1,QB,13.36
9.0,2015,2915,C.Thompson,RB,WAS,a,NE,3.1,5500.0,2015110802,2015-11-08,00-0030404,0,0,0,0,0,0,0,0,0,0,0,0,0,0,2,21,0,13,0,0,0,1,18,0,18,0,0,0,0,0,0,0,0,0,0,0,0,0,0,0,0,0,0.0,0,0,0,0,0,0,0,1,RB,4.1
4.0,2015,4650,M.Williams,TE,BAL,a,PIT,2.7,4700.0,2015100100,2015-10-01,00-0031558,0,0,0,0,0,0,0,0,0,0,0,0,0,0,2,17,0,10,0,0,0,0,0,0,0,0,0,0,0,0,0,0,0,0,0,0,0,0,0,0,0,0,0.0,0,0,0,0,0,0,0,1,TE,3.5
9.0,2015,4564,G.Celek,TE,SF,h,ATL,14.2,4500.0,2015110808,2015-11-08,00-0028903,0,0,0,0,0,0,0,0,0,0,0,0,0,0,2,12,2,11,11,0,0,0,0,0,0,0,0,0,0,0,0,0,0,0,0,0,0,0,0,0,0,0,0.0,0,0,0,0,0,0,0,1,TE,3.3
9.0,2015,5199,T.Austin,WR,STL,a,MIN,10.1,5700.0,2015110800,2015-11-08,00-0030525,0,0,0,0,0,0,0,8,66,0,22,0,0,0,4,15,0,10,0,0,0,0,0,0,0,0,4,6,0,12,0,0,0,0,0,0,0,0,0,0,0,0,0.0,0,0,0,0,0,0,0,1,WR,5.4
11.0,2015,4368,G.Olsen,TE,CAR,h,WAS,12.9,6400.0,2015112206,2015-11-22,00-0025418,0,0,0,0,0,0,0,0,0,0,0,0,0,0,3,54,1,34,5,0,0,0,0,0,0,0,0,0,0,0,0,0,0,0,0,0,0,0,0,0,0,0,0.0,0,0,0,0,0,0,0,1,TE,12.2
12.0,2015,4534,J.Thomas,TE,JAC,h,SD,22.1,5300.0,2015112906,2015-11-29,00-0028067,0,0,0,0,0,0,0,0,0,0,0,0,0,0,9,116,1,34,21,0,0,0,0,0,0,0,0,0,0,0,0,0,0,0,0,0,0,0,0,0,0,0,0.0,0,0,0,0,0,0,0,1,TE,10.1
3.0,2015,6071,M.Bryant,PK,ATL,a,DAL,7.0,4800.0,2015092700,2015-09-27,00-0020578,0,0,0,0,0,0,0,0,0,0,0,0,0,0,0,0,0,0,0,0,0,0,0,0,0,0,0,0,0,0,0,1,1,32,3,4,0,4,0,4,0,0,0.0,0,0,0,0,0,0,0,1,K,8.0
11.0,2015,3902,E.Decker,WR,NYJ,a,HOU,10.1,7000.0,2015112203,2015-11-22,00-0027690,0,0,0,0,0,0,0,0,0,0,0,0,0,0,4,81,0,25,0,0,0,0,0,0,0,0,0,0,0,0,0,0,0,0,0,0,0,0,0,0,0,0,0.0,0,0,0,0,0,0,0,1,WR,12.7
14.0,2015,3891,D.Bryant,WR,DAL,a,GB,1.4,7400.0,2015121312,2015-12-13,00-0027902,0,0,0,0,0,0,0,0,0,0,0,0,0,0,1,9,0,9,0,0,0,0,0,0,0,0,0,0,0,0,0,0,0,0,0,0,0,0,0,0,0,0,0.0,0,0,0,0,0,0,0,1,WR,12.4
16.0,2015,4602,A.Seferian-Jenkins,TE,TB,h,CHI,13.0,5500.0,2015122708,2015-12-27,00-0031418,0,0,0,0,0,0,0,0,0,0,0,0,0,0,2,60,1,43,43,0,0,0,0,0,0,0,0,0,0,0,0,0,0,0,0,0,0,0,0,0,0,0,0.0,0,0,0,0,0,0,0,1,TE,3.7
9.0,2015,4573,J.Reed,TE,WAS,a,NE,9.3,5700.0,2015110802,2015-11-08,00-0030472,0,0,0,0,0,0,0,0,0,0,0,0,0,0,3,18,1,9,3,0,0,0,0,0,0,0,0,0,0,0,0,0,0,0,0,0,0,0,0,0,0,0,0.0,0,0,0,0,0,0,0,1,TE,5.6
1.0,2015,6048,S.Janikowski,PK,OAK,h,CIN,1.0,4700.0,2015091310,2015-09-13,00-0019646,0,0,0,0,0,0,0,0,0,0,0,0,0,0,0,0,0,0,0,0,0,0,0,0,0,0,0,0,0,0,0,0,0,0,0,1,0,1,0,1,0,0,0.0,0,0,0,0,0,0,0,1,K,8.0
15.0,2015,1467,A.McCarron,QB,CIN,a,SF,11.88,6000.0,2015122012,2015-12-20,00-0031288,21,15,192,1,0,0,0,2,2,0,1,0,0,0,0,0,0,0,0,0,0,0,0,0,0,0,0,0,0,0,0,0,0,0,0,0,0,0,0,0,0,0,0.0,0,0,0,0,0,0,0,1,QB,16.42
2.0,2015,2721,L.Blount,RB,NE,a,BUF,0.4,6400.0,2015092001,2015-09-20,00-0027325,0,0,0,0,0,0,0,2,4,0,4,0,0,0,0,0,0,0,0,0,0,0,0,0,0,0,0,0,0,0,0,0,0,0,0,0,0,0,0,0,0,0,0.0,0,0,0,0,0,0,0,1,RB,12.2
15.0,2015,3754,P.Garcon,WR,WAS,h,BUF,10.9,5600.0,2015122007,2015-12-20,00-0026345,0,0,0,0,0,0,0,0,0,0,0,0,0,0,3,34,1,18,5,0,0,0,0,0,0,0,0,0,0,0,0,0,0,0,0,0,0,0,0,0,0,0,0.0,0,0,0,0,0,0,0,1,WR,4.7
2.0,2015,4292,B.Watson,TE,NO,h,TB,2.2,4500.0,2015092008,2015-09-20,00-0022943,0,0,0,0,0,0,0,0,0,0,0,0,0,0,2,12,0,8,0,0,0,0,0,0,0,0,0,0,0,0,0,0,0,0,0,0,0,0,0,0,0,0,0.0,0,0,0,0,0,0,0,1,TE,2.4
4.0,2015,4335,O.Daniels,TE,DEN,h,MIN,7.9,4600.0,2015100411,2015-10-04,00-0024313,0,0,0,0,0,0,0,0,0,0,0,0,0,0,2,9,1,8,1,0,0,0,0,0,0,0,0,0,0,0,0,0,0,0,0,0,0,0,0,0,0,0,0.0,0,0,0,0,0,0,0,1,TE,3.3
2.0,2015,2933,C.Hyde,RB,SF,a,PIT,8.1,7000.0,2015092009,2015-09-20,00-0031045,0,0,0,0,0,0,0,14,43,0,10,0,0,0,4,18,0,11,0,0,0,0,0,0,0,0,0,0,0,0,0,0,0,0,0,0,0,0,0,0,0,0,0.0,0,0,1,0,0,-3,1,1,RB,13.7
11.0,2015,5217,R.Woods,WR,BUF,a,NE,6.4,5100.0,2015112300,2015-11-23,00-0030431,0,0,0,0,0,0,0,0,0,0,0,0,0,0,4,44,0,18,0,0,0,0,0,0,0,0,0,0,0,0,0,0,0,0,0,0,0,0,0,0,0,0,0.0,0,0,0,0,0,0,0,1,WR,4.4
1.0,2015,1409,A.Luck,QB,IND,a,BUF,19.72,9200.0,2015091304,2015-09-13,00-0029668,49,26,243,2,2,2,1,4,20,0,11,0,0,0,0,0,0,0,0,0,0,0,0,0,0,0,0,0,0,0,0,0,0,0,0,0,0,0,0,0,0,0,0.0,0,0,0,0,0,0,0,1,QB,18.52
3.0,2015,4433,J.Phillips,TE,SD,a,MIN,5.5,4500.0,2015092704,2015-09-27,00-0027139,0,0,0,0,0,0,0,0,0,0,0,0,0,0,4,35,0,15,0,0,0,0,0,0,0,0,0,0,0,0,0,0,0,0,0,0,0,0,0,0,0,0,0.0,0,0,0,0,0,0,0,1,TE,2.5
8.0,2015,6169,R.Succop,PK,TEN,a,HOU,7.0,4500.0,2015110103,2015-11-01,00-0026968,0,0,0,0,0,0,0,0,0,0,0,0,0,0,0,0,0,0,0,0,0,0,0,0,0,0,0,0,0,0,0,2,2,44,6,0,0,0,0,0,0,0,0.0,0,0,0,0,0,0,0,1,K,5.0
1.0,2015,1252,A.Rodgers,QB,GB,a,CHI,23.06,9700.0,2015091300,2015-09-13,00-0023459,23,18,189,3,0,0,0,8,35,0,15,0,0,0,0,0,0,0,0,0,0,0,0,0,0,0,0,0,0,0,0,0,0,0,0,0,0,0,0,0,0,0,0.0,0,0,0,0,0,0,0,1,QB,18.8
4.0,2015,5113,T.Smith,WR,SF,h,GB,6.4,6200.0,2015100409,2015-10-04,00-0027996,0,0,0,0,0,0,0,0,0,0,0,0,0,0,2,54,0,47,0,0,0,0,0,0,0,0,0,0,0,0,0,0,0,0,0,0,0,0,0,0,0,0,0.0,0,0,0,0,0,0,0,1,WR,4.7
13.0,2015,3946,B.LaFell,WR,NE,h,PHI,4.7,6600.0,2015120612,2015-12-06,00-0027681,0,0,0,0,0,0,0,0,0,0,0,0,0,0,4,27,0,12,0,0,0,0,0,0,0,0,0,0,0,0,0,0,0,0,0,0,0,0,0,0,0,0,0.0,0,0,0,0,0,0,0,1,WR,12.8
14.0,2015,5344,D.Moncrief,WR,IND,a,JAC,6.7,6100.0,2015121304,2015-12-13,00-0031339,0,0,0,0,0,0,0,0,0,0,0,0,0,0,3,52,0,33,0,0,0,0,0,0,0,0,0,0,0,0,0,0,0,0,0,0,0,0,0,0,0,0,0.0,0,0,0,0,0,0,0,1,WR,5.4
13.0,2015,6233,J.Lambo,PK,SD,h,DEN,5.0,4700.0,2015120611,2015-12-06,00-0032087,0,0,0,0,0,0,0,0,0,0,0,0,0,0,0,0,0,0,0,0,0,0,0,0,0,0,0,0,0,0,0,1,2,51,3,0,0,0,0,0,0,0,0.0,0,0,0,0,0,0,0,1,K,8.0
9.0,2015,3627,B.Marshall,WR,NYJ,h,JAC,12.4,8100.0,2015110805,2015-11-08,00-0024334,0,0,0,0,0,0,0,0,0,0,0,0,0,0,4,44,1,20,20,0,0,0,0,0,0,0,0,0,0,0,0,0,0,0,0,0,0,0,0,0,0,0,0.0,0,0,0,1,1,0,0,1,WR,13.7
2.0,2015,2928,J.Hill,RB,CIN,h,SD,0.6,8400.0,2015092002,2015-09-20,00-0031301,0,0,0,0,0,0,0,10,39,0,9,0,0,0,1,2,0,2,0,0,0,0,0,0,0,0,0,0,0,0,0,0,0,0,0,0,0,0,0,0,0,0,0.0,0,0,2,0,0,-7,2,1,RB,15.7
1.0,2015,3501,L.Fitzgerald,WR,ARI,h,NO,11.7,6000.0,2015091307,2015-09-13,00-0022921,0,0,0,0,0,0,0,0,0,0,0,0,0,0,6,87,0,29,0,0,0,0,0,0,0,0,0,0,0,0,0,0,0,0,0,0,0,0,0,0,0,0,0.0,0,0,0,0,0,0,0,1,WR,6.2
1.0,2015,5335,J.Landry,WR,MIA,a,WAS,16.7,6900.0,2015091303,2015-09-13,00-0031382,0,0,0,0,0,0,0,1,14,0,14,0,0,0,8,53,0,20,0,0,0,0,0,0,0,0,2,37,1,69,69,0,0,0,0,0,0,0,0,0,0,0,0.0,0,0,0,0,0,0,0,1,WR,6.5
7.0,2015,6098,S.Gostkowski,PK,NE,h,NYJ,13.0,5100.0,2015102503,2015-10-25,00-0024333,0,0,0,0,0,0,0,0,0,0,0,0,0,0,0,0,0,0,0,0,0,0,0,0,0,0,0,0,0,0,0,3,3,46,9,3,0,3,0,3,0,0,0.0,0,0,0,0,0,0,0,1,K,9.0
6.0,2015,4629,R.Rodgers,TE,GB,h,SD,4.4,5100.0,2015101809,2015-10-18,00-0031384,0,0,0,0,0,0,0,0,0,0,0,0,0,0,2,34,0,25,0,0,0,0,0,0,0,0,0,0,0,0,0,0,0,0,0,0,0,0,0,0,0,0,0.0,0,0,0,0,0,0,0,1,TE,9.6
11.0,2015,2931,C.Sims,RB,TB,a,PHI,14.4,5200.0,2015112204,2015-11-22,00-0031390,0,0,0,0,0,0,0,10,43,0,17,0,0,0,3,26,1,14,14,0,0,0,0,0,0,0,0,0,0,0,0,0,0,0,0,0,0,0,0,0,0,0,0.0,0,0,0,0,0,0,0,1,RB,4.9
1.0,2015,6230,C.Parkey,PK,PHI,a,ATL,6.0,5000.0,2015091400,2015-09-14,00-0030850,0,0,0,0,0,0,0,0,0,0,0,0,0,0,0,0,0,0,0,0,0,0,0,0,0,0,0,0,0,0,0,1,2,29,3,3,0,3,0,3,0,0,0.0,0,0,0,0,0,0,0,1,K,9.0
16.0,2015,2613,M.Forte,RB,CHI,a,TB,9.2,8100.0,2015122708,2015-12-27,00-0026184,0,0,0,0,0,0,0,11,54,0,16,0,0,0,3,23,0,9,0,0,0,0,0,0,0,0,0,0,0,0,0,0,0,0,0,0,0,0,0,0,0,0,0.0,0,0,0,0,0,0,0,1,RB,14.4
14.0,2015,1254,A.Smith,QB,KC,h,SD,14.64,6800.0,2015121305,2015-12-13,00-0023436,23,15,191,1,1,0,0,5,40,0,18,0,0,0,0,0,0,0,0,0,0,0,0,0,0,0,0,0,0,0,0,0,0,0,0,0,0,0,0,0,0,0,0.0,0,0,1,1,1,0,0,1,QB,17.12
6.0,2015,2642,J.Forsett,RB,BAL,a,SF,13.6,7600.0,2015101810,2015-10-18,00-0026373,0,0,0,0,0,0,0,17,62,0,22,0,0,0,7,39,0,11,0,0,0,0,0,0,0,0,0,0,0,0,0,0,0,0,0,0,0,0,0,0,0,0,0.0,0,0,0,0,0,0,0,1,RB,14.3
10.0,2015,2658,R.Jennings,RB,NYG,h,NE,6.1,5300.0,2015111509,2015-11-15,00-0027155,0,0,0,0,0,0,0,11,39,0,6,0,0,0,2,12,0,7,0,0,0,0,0,0,0,0,0,0,0,0,0,0,0,0,0,0,0,0,0,0,0,0,0.0,0,0,0,0,0,0,0,1,RB,4.8
15.0,2015,1438,J.Manziel,QB,CLE,a,SEA,11.14,6200.0,2015122008,2015-12-20,00-0031409,32,19,161,1,1,0,0,2,17,0,12,0,0,0,0,0,0,0,0,0,0,0,0,0,0,0,0,0,0,0,0,0,0,0,0,0,0,0,0,0,0,0,0.0,0,0,1,0,0,0,0,1,QB,17.12
1.0,2015,2892,A.Ellington,RB,ARI,h,NO,12.1,7900.0,2015091307,2015-09-13,00-0030287,0,0,0,0,0,0,0,12,69,1,18,1,0,0,1,7,0,7,0,0,0,0,0,0,0,0,0,0,0,0,0,0,0,0,0,0,0,0,0,0,0,0,0.0,0,0,1,0,0,0,1,1,RB,7.6
5.0,2015,2603,D.McFadden,RB,DAL,h,NE,12.3,6000.0,2015101109,2015-10-11,00-0026144,0,0,0,0,0,0,0,5,16,0,7,0,0,0,9,62,0,12,0,0,0,0,0,0,0,0,0,0,0,0,0,0,0,0,0,0,0,0,0,0,0,0,0.0,0,0,0,0,0,0,0,1,RB,4.9
4.0,2015,3902,E.Decker,WR,NYJ,a,MIA,12.6,6000.0,2015100400,2015-10-04,00-0027690,0,0,0,0,0,0,0,0,0,0,0,0,0,0,4,46,1,26,10,0,0,0,0,0,0,0,0,0,0,0,0,0,0,0,0,0,0,0,0,0,0,0,0.0,0,0,0,0,0,0,0,1,WR,5.1
4.0,2015,1081,P.Manning,QB,DEN,h,MIN,10.32,8200.0,2015100411,2015-10-04,00-0010346,27,17,213,1,2,0,0,2,-2,0,-1,0,0,0,0,0,0,0,0,0,0,0,0,0,0,0,0,0,0,0,0,0,0,0,0,0,0,0,0,0,0,0,0.0,0,0,0,0,0,0,0,1,QB,17.6
7.0,2015,4437,J.Cook,TE,STL,h,CLE,0.9,5200.0,2015102501,2015-10-25,00-0027061,0,0,0,0,0,0,0,0,0,0,0,0,0,0,2,19,0,17,0,0,0,0,0,0,0,0,0,0,0,0,0,0,0,0,0,0,0,0,0,0,0,0,0.0,0,0,1,0,0,0,1,1,TE,3.4
16.0,2015,5424,S.Diggs,WR,MIN,h,NYG,3.9,6000.0,2015122706,2015-12-27,00-0031588,0,0,0,0,0,0,0,0,0,0,0,0,0,0,4,19,0,10,0,0,0,0,0,0,0,0,0,0,0,0,0,0,0,0,0,0,0,0,0,0,0,0,0.0,0,0,0,0,0,0,0,1,WR,12.0
15.0,2015,6211,C.Sturgis,PK,PHI,h,ARI,5.0,4700.0,2015122001,2015-12-20,00-0030390,0,0,0,0,0,0,0,0,0,0,0,0,0,0,0,0,0,0,0,0,0,0,0,0,0,0,0,0,0,0,0,1,1,36,3,2,0,2,0,2,0,0,0.0,0,0,0,0,0,0,0,1,K,8.0
6.0,2015,6229,C.Catanzaro,PK,ARI,a,PIT,7.0,4800.0,2015101802,2015-10-18,00-0030896,0,0,0,0,0,0,0,0,0,0,0,0,0,0,0,0,0,0,0,0,0,0,0,0,0,0,0,0,0,0,0,2,3,39,6,1,0,1,0,1,0,0,0.0,0,0,0,0,0,0,0,1,K,8.0
4.0,2015,6096,R.Gould,PK,CHI,h,OAK,13.0,4600.0,2015100401,2015-10-04,00-0023252,0,0,0,0,0,0,0,0,0,0,0,0,0,0,0,0,0,0,0,0,0,0,0,0,0,0,0,0,0,0,0,3,3,54,9,1,0,1,1,1,0,0,0.0,0,0,0,0,0,0,0,1,K,8.0
6.0,2015,2777,J.Starks,RB,GB,h,SD,24.2,5400.0,2015101809,2015-10-18,00-0027791,0,0,0,0,0,0,0,10,112,1,65,65,0,0,1,5,1,5,5,0,0,0,0,0,0,0,0,0,0,0,0,0,0,0,0,0,0,0,0,0,0,0,0.0,0,0,0,0,0,0,0,1,RB,3.5
16.0,2015,6093,M.Nugent,PK,CIN,a,DEN,7.0,4800.0,2015122800,2015-12-28,00-0023482,0,0,0,0,0,0,0,0,0,0,0,0,0,0,0,0,0,0,0,0,0,0,0,0,0,0,0,0,0,0,0,1,2,52,3,2,0,2,0,2,0,0,0.0,0,0,0,0,0,0,0,1,K,5.0
11.0,2015,3830,J.Maclin,WR,KC,a,SD,4.4,6300.0,2015112211,2015-11-22,00-0026995,0,0,0,0,0,0,0,0,0,0,0,0,0,0,3,29,0,10,0,0,0,0,0,0,0,0,2,6,0,11,0,0,0,0,0,0,0,0,0,0,0,0,0.0,0,0,0,0,0,0,0,1,WR,6.9
16.0,2015,4335,O.Daniels,TE,DEN,h,CIN,9.5,5000.0,2015122800,2015-12-28,00-0024313,0,0,0,0,0,0,0,0,0,0,0,0,0,0,5,70,0,26,0,0,0,0,0,0,0,0,0,0,0,0,0,0,0,0,0,0,0,0,0,0,0,0,0.0,0,0,0,0,0,0,0,1,TE,3.3
15.0,2015,2930,D.Freeman,RB,ATL,a,JAC,19.6,8400.0,2015122003,2015-12-20,00-0031285,0,0,0,0,0,0,0,25,56,1,21,5,0,0,7,45,0,13,0,0,0,0,0,0,0,0,0,0,0,0,0,0,0,0,0,0,0,0,0,0,0,0,0.0,0,0,0,0,0,0,0,1,RB,15.4
14.0,2015,1241,M.Cassel,QB,DAL,a,GB,4.16,6200.0,2015121312,2015-12-13,00-0023662,29,13,114,0,1,0,0,3,6,0,3,0,0,0,0,0,0,0,0,0,0,0,0,0,0,0,0,0,0,0,0,0,0,0,0,0,0,0,0,0,0,0,0.0,0,0,0,0,0,0,0,1,QB,15.66
15.0,2015,1442,B.Bortles,QB,JAC,h,ATL,25.28,7900.0,2015122003,2015-12-20,00-0031407,38,23,297,1,1,0,0,6,44,1,13,1,0,0,0,0,0,0,0,0,0,0,0,0,0,0,0,0,0,0,0,0,0,0,0,0,0,0,0,0,0,0,0.0,0,0,1,0,0,0,0,1,QB,18.68
11.0,2015,2689,D.Woodhead,RB,SD,h,KC,2.1,6400.0,2015112211,2015-11-22,00-0026019,0,0,0,0,0,0,0,6,7,0,5,0,0,0,1,9,0,9,0,0,0,0,0,0,0,0,0,0,0,0,0,0,0,0,0,0,0,0,0,0,0,0,0.0,0,0,0,0,0,0,0,1,RB,13.0
11.0,2015,2777,J.Starks,RB,GB,a,MIN,4.9,6200.0,2015112205,2015-11-22,00-0027791,0,0,0,0,0,0,0,8,14,0,9,0,0,0,1,30,0,30,0,0,0,0,0,0,0,0,0,0,0,0,0,0,0,0,0,0,0,0,0,0,0,0,0.0,0,0,0,0,0,0,0,1,RB,13.5
10.0,2015,5206,D.Hopkins,WR,HOU,a,CIN,14.2,8900.0,2015111600,2015-11-16,00-0030564,0,0,0,0,0,0,0,0,0,0,0,0,0,0,5,57,1,22,22,0,0,0,0,0,0,0,0,0,0,0,0,0,0,0,0,0,0,0,0,0,0,0,0.0,0,0,0,0,0,0,0,1,WR,15.3
11.0,2015,5252,S.Watkins,WR,BUF,a,NE,5.4,6600.0,2015112300,2015-11-23,00-0031325,0,0,0,0,0,0,0,0,0,0,0,0,0,0,3,39,0,16,0,0,0,0,0,0,0,0,0,0,0,0,0,0,0,0,0,0,0,0,0,0,0,0,0.0,0,0,0,0,0,0,0,1,WR,12.5
8.0,2015,6229,C.Catanzaro,PK,ARI,a,CLE,10.0,5000.0,2015110108,2015-11-01,00-0030896,0,0,0,0,0,0,0,0,0,0,0,0,0,0,0,0,0,0,0,0,0,0,0,0,0,0,0,0,0,0,0,2,2,37,6,4,0,4,0,4,0,0,0.0,0,0,0,0,0,0,0,1,K,9.0
15.0,2015,4578,L.Willson,TE,SEA,h,CLE,2.7,4800.0,2015122008,2015-12-20,00-0030089,0,0,0,0,0,0,0,0,0,0,0,0,0,0,2,17,0,11,0,0,0,0,0,0,0,0,0,0,0,0,0,0,0,0,0,0,0,0,0,0,0,0,0.0,0,0,0,0,0,0,0,1,TE,8.1
15.0,2015,2819,B.Powell,RB,NYJ,a,DAL,17.4,5300.0,2015121900,2015-12-19,00-0028064,0,0,0,0,0,0,0,6,25,1,12,12,0,0,7,54,0,19,0,0,0,0,0,0,0,0,0,0,0,0,0,0,0,0,0,0,0,0,0,0,0,0,0.0,0,0,0,0,0,0,0,1,RB,4.6
11.0,2015,2892,A.Ellington,RB,ARI,h,CIN,1.2,5400.0,2015112209,2015-11-22,00-0030287,0,0,0,0,0,0,0,2,2,0,2,0,0,0,1,5,0,5,0,0,0,0,0,0,0,0,0,0,0,0,0,0,0,0,0,0,0,0,0,0,0,0,0.0,0,0,0,0,0,0,0,1,RB,4.1
7.0,2015,6163,D.Carpenter,PK,BUF,a,JAC,11.0,4700.0,2015102500,2015-10-25,00-0026003,0,0,0,0,0,0,0,0,0,0,0,0,0,0,0,0,0,0,0,0,0,0,0,0,0,0,0,0,0,0,0,3,3,38,9,2,0,2,0,2,0,0,0.0,0,0,0,0,0,0,0,1,K,8.0
14.0,2015,2991,M.Gordon,RB,SD,a,KC,8.3,5300.0,2015121305,2015-12-13,00-0032144,0,0,0,0,0,0,0,14,35,0,10,0,0,0,4,28,0,15,0,0,0,0,0,0,0,0,0,0,0,0,0,0,0,0,0,0,0,0,0,0,0,0,0.0,0,0,0,0,0,0,0,1,RB,5.7
14.0,2015,6048,S.Janikowski,PK,OAK,a,DEN,1.0,4500.0,2015121311,2015-12-13,00-0019646,0,0,0,0,0,0,0,0,0,0,0,0,0,0,0,0,0,0,0,0,0,0,0,0,0,0,0,0,0,0,0,0,1,0,0,1,0,1,0,1,0,0,0.0,0,0,0,0,0,0,0,1,K,8.0
15.0,2015,2851,B.Brown,RB,SEA,h,CLE,4.3,0.0,2015122008,2015-12-20,00-0029429,0,0,0,0,0,0,0,9,43,0,18,0,0,0,0,0,0,0,0,0,0,0,0,0,0,0,0,0,0,0,0,0,0,0,0,0,0,0,0,0,0,0,0.0,0,0,0,0,0,0,0,1,RB,5.8
2.0,2015,3824,K.Britt,WR,STL,a,WAS,11.4,5200.0,2015092005,2015-09-20,00-0027006,0,0,0,0,0,0,0,0,0,0,0,0,0,0,2,44,1,40,40,0,0,0,0,0,0,0,0,0,0,0,0,0,0,0,0,0,0,0,0,0,0,0,0.0,0,0,0,0,0,0,0,1,WR,5.8
1.0,2015,3824,K.Britt,WR,STL,h,SEA,4.7,5400.0,2015091301,2015-09-13,00-0027006,0,0,0,0,0,0,0,0,0,0,0,0,0,0,2,37,0,21,0,0,0,0,0,0,0,0,0,0,0,0,0,0,0,0,0,0,0,0,0,0,0,0,0.0,0,0,0,0,0,0,0,1,WR,4.7
7.0,2015,6079,J.Brown,PK,NYG,h,DAL,10.0,4700.0,2015102510,2015-10-25,00-0021940,0,0,0,0,0,0,0,0,0,0,0,0,0,0,0,0,0,0,0,0,0,0,0,0,0,0,0,0,0,0,0,2,2,47,6,3,0,3,0,3,0,0,0.0,0,0,0,0,0,0,0,1,K,8.0
10.0,2015,6194,D.Bailey,PK,DAL,a,TB,9.0,4600.0,2015111502,2015-11-15,00-0028660,0,0,0,0,0,0,0,0,0,0,0,0,0,0,0,0,0,0,0,0,0,0,0,0,0,0,0,0,0,0,0,2,3,53,6,0,0,0,0,0,0,0,0.0,0,0,0,0,0,0,0,1,K,8.0
14.0,2015,2603,D.McFadden,RB,DAL,a,GB,11.1,6700.0,2015121312,2015-12-13,00-0026144,0,0,0,0,0,0,0,9,111,0,50,0,0,0,0,0,0,0,0,0,0,0,0,0,0,0,0,0,0,0,0,0,0,0,0,0,0,0,0,0,0,0,0.0,0,0,0,0,0,0,0,1,RB,8.0
11.0,2015,5182,R.Matthews,WR,MIA,h,DAL,2.0,6400.0,2015112207,2015-11-22,00-0029580,0,0,0,0,0,0,0,0,0,0,0,0,0,0,1,15,0,15,0,0,0,0,0,0,0,0,0,0,0,0,0,0,0,0,0,0,0,0,0,0,0,0,0.0,0,0,0,0,0,0,0,1,WR,11.4
13.0,2015,4653,J.James,TE,PIT,h,IND,4.5,4600.0,2015120613,2015-12-06,00-0032135,0,0,0,0,0,0,0,0,0,0,0,0,0,0,3,30,0,20,0,0,0,0,0,0,0,0,0,0,0,0,0,0,0,0,0,0,0,0,0,0,0,0,0.0,0,0,0,0,0,0,0,1,TE,3.0
9.0,2015,2930,D.Freeman,RB,ATL,a,SF,17.9,8900.0,2015110808,2015-11-08,00-0031285,0,0,0,0,0,0,0,12,12,0,7,0,0,0,8,67,1,17,17,0,0,0,0,0,0,0,0,0,0,0,0,0,0,0,0,0,0,0,0,0,0,0,0.0,0,0,0,0,0,0,0,1,RB,18.4
2.0,2015,6093,M.Nugent,PK,CIN,h,SD,6.0,4800.0,2015092002,2015-09-20,00-0023482,0,0,0,0,0,0,0,0,0,0,0,0,0,0,0,0,0,0,0,0,0,0,0,0,0,0,0,0,0,0,0,1,2,21,3,3,0,3,0,3,0,0,0.0,0,0,0,0,0,0,0,1,K,9.0
6.0,2015,6172,G.Gano,PK,CAR,a,SEA,3.0,4700.0,2015101808,2015-10-18,00-0026858,0,0,0,0,0,0,0,0,0,0,0,0,0,0,0,0,0,0,0,0,0,0,0,0,0,0,0,0,0,0,0,0,0,0,0,3,1,4,0,3,0,0,0.0,0,0,0,0,0,0,0,1,K,7.0
14.0,2015,5263,D.Adams,WR,GB,h,DAL,2.2,6300.0,2015121312,2015-12-13,00-0031381,0,0,0,0,0,0,0,0,0,0,0,0,0,0,2,12,0,8,0,0,0,0,0,0,0,0,0,0,0,0,0,0,0,0,0,0,0,0,0,0,0,0,0.0,0,0,0,0,0,0,0,1,WR,4.6
2.0,2015,3748,E.Royal,WR,CHI,h,ARI,7.6,4800.0,2015092006,2015-09-20,00-0026182,0,0,0,0,0,0,0,0,0,0,0,0,0,0,7,41,0,15,0,0,0,0,0,0,0,0,0,0,0,0,0,0,0,0,0,0,0,0,0,0,0,0,0.0,0,0,0,0,0,0,0,1,WR,6.7
14.0,2015,6096,R.Gould,PK,CHI,h,WAS,3.0,4800.0,2015121306,2015-12-13,00-0023252,0,0,0,0,0,0,0,0,0,0,0,0,0,0,0,0,0,0,0,0,0,0,0,0,0,0,0,0,0,0,0,0,1,0,0,3,0,3,0,3,0,0,0.0,0,0,0,0,0,0,0,1,K,8.0
15.0,2015,5151,T.Hilton,WR,IND,h,HOU,4.4,7000.0,2015122004,2015-12-20,00-0029608,0,0,0,0,0,0,0,0,0,0,0,0,0,0,3,29,0,13,0,0,0,0,0,0,0,0,0,0,0,0,0,0,0,0,0,0,0,0,0,0,0,0,0.0,0,0,0,0,0,0,0,1,WR,12.9
12.0,2015,4582,T.Kelce,TE,KC,h,BUF,14.9,5800.0,2015112908,2015-11-29,00-0030506,0,0,0,0,0,0,0,0,0,0,0,0,0,0,4,69,1,38,15,0,0,0,0,0,0,0,0,0,0,0,0,0,0,0,0,0,0,0,0,0,0,0,0.0,0,0,0,0,0,0,0,1,TE,11.4
16.0,2015,2999,C.Artis-Payne,RB,CAR,a,ATL,6.1,5600.0,2015122707,2015-12-27,00-0031599,0,0,0,0,0,0,0,5,49,0,31,0,0,0,1,7,0,7,0,0,0,0,0,0,0,0,0,0,0,0,0,0,0,0,0,0,0,0,0,0,0,0,0.0,0,0,0,0,0,0,0,1,RB,6.7
4.0,2015,6163,D.Carpenter,PK,BUF,h,NYG,6.0,4700.0,2015100407,2015-10-04,00-0026003,0,0,0,0,0,0,0,0,0,0,0,0,0,0,0,0,0,0,0,0,0,0,0,0,0,0,0,0,0,0,0,1,2,51,3,1,0,1,0,1,0,0,0.0,0,0,0,0,0,0,0,1,K,8.0
2.0,2015,2642,J.Forsett,RB,BAL,a,OAK,10.0,7800.0,2015092010,2015-09-20,00-0026373,0,0,0,0,0,0,0,15,68,0,16,0,0,0,4,12,0,7,0,0,0,0,0,0,0,0,0,0,0,0,0,0,0,0,0,0,0,0,0,0,0,0,0.0,0,0,0,0,0,0,0,1,RB,8.8
5.0,2015,2642,J.Forsett,RB,BAL,h,CLE,25.0,7200.0,2015101105,2015-10-11,00-0026373,0,0,0,0,0,0,0,21,121,1,22,1,0,0,4,49,0,32,0,1,0,0,0,0,0,0,0,0,0,0,0,0,0,0,0,0,0,0,0,0,0,0,0.0,0,0,0,0,0,0,0,1,RB,15.8
16.0,2015,6227,B.McManus,PK,DEN,h,CIN,8.0,4800.0,2015122800,2015-12-28,00-0029822,0,0,0,0,0,0,0,0,0,0,0,0,0,0,0,0,0,0,0,0,0,0,0,0,0,0,0,0,0,0,0,2,3,37,6,2,0,2,0,2,0,0,0.0,0,0,0,0,0,0,0,1,K,7.0
5.0,2015,6227,B.McManus,PK,DEN,a,OAK,12.0,5000.0,2015101110,2015-10-11,00-0029822,0,0,0,0,0,0,0,0,0,0,0,0,0,0,0,0,0,0,0,0,0,0,0,0,0,0,0,0,0,0,0,3,3,52,9,1,0,1,0,1,0,0,0.0,0,0,0,0,0,0,0,1,K,9.0
1.0,2015,4568,T.Eifert,TE,CIN,a,OAK,26.9,5000.0,2015091310,2015-09-13,00-0030549,0,0,0,0,0,0,0,0,0,0,0,0,0,0,9,104,2,31,13,0,0,0,0,0,0,0,0,0,0,0,0,0,0,0,0,0,0,0,0,0,0,0,0.0,0,0,0,0,0,0,0,1,TE,9.9
15.0,2015,4651,C.Walford,TE,OAK,h,GB,2.0,4700.0,2015122009,2015-12-20,00-0032256,0,0,0,0,0,0,0,0,0,0,0,0,0,0,2,10,0,6,0,0,0,0,0,0,0,0,0,0,0,0,0,0,0,0,0,0,0,0,0,0,0,0,0.0,0,0,0,0,0,0,0,1,TE,9.0
9.0,2015,1232,B.Roethlisberger,QB,PIT,h,OAK,22.36,8300.0,2015110806,2015-11-08,00-0022924,44,24,334,2,1,1,1,0,0,0,0,0,0,0,0,0,0,0,0,0,0,0,0,0,0,0,0,0,0,0,0,0,0,0,0,0,0,0,0,0,0,0,0.0,0,0,0,0,0,0,0,1,QB,17.78
16.0,2015,6203,R.Bullock,PK,NYJ,h,NE,9.0,4700.0,2015122702,2015-12-27,00-0029421,0,0,0,0,0,0,0,0,0,0,0,0,0,0,0,0,0,0,0,0,0,0,0,0,0,0,0,0,0,0,0,2,2,49,6,2,0,2,0,2,0,0,0.0,0,0,0,0,0,0,0,1,K,8.0
1.0,2015,5376,A.Cooper,WR,OAK,h,CIN,7.2,7100.0,2015091310,2015-09-13,00-0031544,0,0,0,0,0,0,0,0,0,0,0,0,0,0,5,47,0,24,0,0,0,0,0,0,0,0,0,0,0,0,0,0,0,0,0,0,0,0,0,0,0,0,0.0,0,0,0,0,0,0,0,1,WR,6.2
6.0,2015,5206,D.Hopkins,WR,HOU,a,JAC,31.8,8500.0,2015101807,2015-10-18,00-0030564,0,0,0,0,0,0,0,0,0,0,0,0,0,0,10,148,2,29,26,0,0,0,0,0,0,0,0,0,0,0,0,0,0,0,0,0,0,0,0,0,0,0,0.0,0,0,0,0,0,0,0,1,WR,15.4
12.0,2015,4537,K.Rudolph,TE,MIN,a,ATL,8.8,5000.0,2015112901,2015-11-29,00-0027981,0,0,0,0,0,0,0,0,0,0,0,0,0,0,7,53,0,13,0,0,0,0,0,0,0,0,0,0,0,0,0,0,0,0,0,0,0,0,0,0,0,0,0.0,0,0,0,0,0,0,0,1,TE,3.4
6.0,2015,3748,E.Royal,WR,CHI,a,DET,7.4,5300.0,2015101800,2015-10-18,00-0026182,0,0,0,0,0,0,0,0,0,0,0,0,0,0,5,49,0,30,0,0,0,0,0,0,0,0,0,0,0,0,0,0,0,0,0,0,0,0,0,0,0,0,0.0,0,0,0,0,0,0,0,1,WR,3.8
8.0,2015,4262,J.Witten,TE,DAL,h,SEA,2.6,5500.0,2015110110,2015-11-01,00-0022127,0,0,0,0,0,0,0,0,0,0,0,0,0,0,2,16,0,9,0,0,0,0,0,0,0,0,0,0,0,0,0,0,0,0,0,0,0,0,0,0,0,0,0.0,0,0,0,0,0,0,0,1,TE,5.0
5.0,2015,3872,M.Crabtree,WR,OAK,h,DEN,7.4,5900.0,2015101110,2015-10-11,00-0026986,0,0,0,0,0,0,0,0,0,0,0,0,0,0,4,54,0,25,0,0,0,0,0,0,0,0,0,0,0,0,0,0,0,0,0,0,0,0,0,0,0,0,0.0,0,0,0,0,0,0,0,1,WR,5.1
15.0,2015,2741,C.Ivory,RB,NYJ,a,DAL,4.7,7200.0,2015121900,2015-12-19,00-0027531,0,0,0,0,0,0,0,13,37,0,8,0,0,0,1,5,0,5,0,0,0,0,0,0,0,0,0,0,0,0,0,0,0,0,0,0,0,0,0,0,0,0,0.0,0,0,0,0,0,0,0,1,RB,14.7
10.0,2015,1302,J.Flacco,QB,BAL,h,JAC,22.34,7500.0,2015111506,2015-11-15,00-0026158,45,34,316,3,2,1,0,2,17,0,16,0,0,0,0,0,0,0,0,0,0,0,0,0,0,0,0,0,0,0,0,0,0,0,0,0,0,0,0,0,0,0,0.0,0,0,1,0,0,0,1,1,QB,16.52
10.0,2015,3826,J.Edelman,WR,NE,a,NYG,7.3,8000.0,2015111509,2015-11-15,00-0027150,0,0,0,0,0,0,0,0,0,0,0,0,0,0,4,53,0,30,0,0,0,0,0,0,0,0,0,0,0,0,0,0,0,0,0,0,0,0,0,0,0,0,0.0,0,0,0,0,0,0,0,1,WR,14.0
11.0,2015,6233,J.Lambo,PK,SD,h,KC,5.0,4700.0,2015112211,2015-11-22,00-0032087,0,0,0,0,0,0,0,0,0,0,0,0,0,0,0,0,0,0,0,0,0,0,0,0,0,0,0,0,0,0,0,1,1,52,3,0,0,0,0,0,0,0,0.0,0,0,0,0,0,0,0,1,K,8.0
5.0,2015,3679,J.Jones,WR,GB,h,STL,14.7,6400.0,2015101107,2015-10-11,00-0025465,0,0,0,0,0,0,0,0,0,0,0,0,0,0,2,77,1,65,65,0,0,0,0,0,0,0,0,0,0,0,0,0,0,0,0,0,0,0,0,0,0,0,0.0,0,0,0,0,0,0,0,1,WR,12.1
11.0,2015,5382,D.Green-Beckham,WR,TEN,a,JAC,5.5,5500.0,2015111900,2015-11-19,00-0032218,0,0,0,0,0,0,0,0,0,0,0,0,0,0,3,40,0,17,0,0,0,0,0,0,0,0,0,0,0,0,0,0,0,0,0,0,0,0,0,0,0,0,0.0,0,0,0,0,0,0,0,1,WR,4.5
11.0,2015,5263,D.Adams,WR,GB,a,MIN,5.1,6800.0,2015112205,2015-11-22,00-0031381,0,0,0,0,0,0,0,0,0,0,0,0,0,0,3,36,0,16,0,0,0,0,0,0,0,0,0,0,0,0,0,0,0,0,0,0,0,0,0,0,0,0,0.0,0,0,0,0,0,0,0,1,WR,11.9
4.0,2015,2645,C.Johnson,RB,ARI,h,STL,10.9,6700.0,2015100410,2015-10-04,00-0026164,0,0,0,0,0,0,0,16,83,0,21,0,0,0,3,11,0,6,0,0,0,0,0,0,0,0,0,0,0,0,0,0,0,0,0,0,0,0,0,0,0,0,0.0,0,0,0,0,0,0,0,1,RB,6.4
5.0,2015,3802,P.Harvin,WR,BUF,a,TEN,-0.1,5400.0,2015101106,2015-10-11,00-0026998,0,0,0,0,0,0,0,1,-1,0,-1,0,0,0,0,0,0,0,0,0,0,1,24,0,24,0,0,0,0,0,0,0,0,0,0,0,0,0,0,0,0,0,0.0,0,0,0,0,0,0,0,1,WR,11.4
11.0,2015,5186,J.Kearse,WR,SEA,h,SF,4.9,5200.0,2015112210,2015-11-22,00-0029159,0,0,0,0,0,0,0,0,0,0,0,0,0,0,3,34,0,18,0,0,0,0,0,0,0,0,0,0,0,0,0,0,0,0,0,0,0,0,0,0,0,0,0.0,0,0,0,0,0,0,0,1,WR,3.8
15.0,2015,2969,I.Crowell,RB,CLE,a,SEA,4.5,5700.0,2015122008,2015-12-20,00-0030656,0,0,0,0,0,0,0,9,23,0,6,0,0,0,3,7,0,6,0,0,0,0,0,0,0,0,0,0,0,0,0,0,0,0,0,0,0,0,0,0,0,0,0.0,0,0,0,0,0,0,0,1,RB,4.6
5.0,2015,4411,J.Tamme,TE,ATL,h,WAS,13.4,4700.0,2015101103,2015-10-11,00-0026267,0,0,0,0,0,0,0,0,0,0,0,0,0,0,8,94,0,25,0,0,0,0,0,0,0,0,0,0,0,0,0,0,0,0,0,0,0,0,0,0,0,0,0.0,0,0,0,0,0,0,0,1,TE,2.4
5.0,2015,2992,T.Gurley,RB,STL,a,GB,15.9,6700.0,2015101107,2015-10-11,00-0032241,0,0,0,0,0,0,0,30,159,0,55,0,0,0,0,0,0,0,0,0,0,0,0,0,0,0,0,0,0,0,0,0,0,0,0,0,0,0,0,0,0,0,0.0,0,0,0,0,0,0,0,1,RB,14.5
9.0,2015,6071,M.Bryant,PK,ATL,a,SF,11.0,4800.0,2015110808,2015-11-08,00-0020578,0,0,0,0,0,0,0,0,0,0,0,0,0,0,0,0,0,0,0,0,0,0,0,0,0,0,0,0,0,0,0,3,3,44,9,1,0,1,0,1,0,0,0.0,0,0,0,0,0,0,0,1,K,9.0
12.0,2015,6194,D.Bailey,PK,DAL,h,CAR,7.0,4700.0,2015112601,2015-11-26,00-0028660,0,0,0,0,0,0,0,0,0,0,0,0,0,0,0,0,0,0,0,0,0,0,0,0,0,0,0,0,0,0,0,2,2,48,6,0,0,0,0,0,0,0,0.0,0,0,0,0,0,0,0,1,K,9.0
5.0,2015,4437,J.Cook,TE,STL,a,GB,1.3,5200.0,2015101107,2015-10-11,00-0027061,0,0,0,0,0,0,0,0,0,0,0,0,0,0,1,8,0,8,0,0,0,0,0,0,0,0,0,0,0,0,0,0,0,0,0,0,0,0,0,0,0,0,0.0,0,0,0,0,0,0,0,1,TE,4.3
7.0,2015,4492,J.Graham,TE,SEA,a,SF,4.1,6300.0,2015102200,2015-10-22,00-0027696,0,0,0,0,0,0,0,0,0,0,0,0,0,0,2,31,0,23,0,0,0,0,0,0,0,0,0,0,0,0,0,0,0,0,0,0,0,0,0,0,0,0,0.0,0,0,0,0,0,0,0,1,TE,11.3
3.0,2015,2858,D.Martin,RB,TB,a,HOU,4.6,6600.0,2015092703,2015-09-27,00-0029613,0,0,0,0,0,0,0,14,46,0,17,0,0,0,0,0,0,0,0,0,0,0,0,0,0,0,0,0,0,0,0,0,0,0,0,0,0,0,0,0,0,0,0.0,0,0,0,0,0,0,0,1,RB,7.3
11.0,2015,1302,J.Flacco,QB,BAL,h,STL,13.96,7600.0,2015112208,2015-11-22,00-0026158,44,27,299,1,2,0,0,0,0,0,0,0,0,0,0,0,0,0,0,0,0,0,0,0,0,0,0,0,0,0,0,0,0,0,0,0,0,0,0,0,0,0,0.0,0,0,0,0,0,0,0,1,QB,16.88
15.0,2015,5335,J.Landry,WR,MIA,a,SD,9.4,7100.0,2015122011,2015-12-20,00-0031382,0,0,0,0,0,0,0,0,0,0,0,0,0,0,8,54,0,14,0,0,0,0,0,0,0,0,2,8,0,16,0,0,0,0,0,0,0,0,0,0,0,0,0.0,0,0,0,0,0,0,0,1,WR,13.3
15.0,2015,1340,M.Stafford,QB,DET,a,NO,22.06,7800.0,2015122100,2015-12-21,00-0026498,25,22,254,3,0,0,0,4,-1,0,3,0,0,0,0,0,0,0,0,0,0,0,0,0,0,0,0,0,0,0,0,0,0,0,0,0,0,0,0,0,0,0,0.0,0,0,0,0,0,0,0,1,QB,22.36
13.0,2015,4360,D.Walker,TE,TEN,h,JAC,19.2,6000.0,2015120604,2015-12-06,00-0024389,0,0,0,0,0,0,0,0,0,0,0,0,0,0,8,92,1,29,7,0,0,0,0,0,0,0,0,0,0,0,0,0,0,0,0,0,0,0,0,0,0,0,0.0,0,0,0,0,0,0,0,1,TE,12.1
11.0,2015,6224,C.Santos,PK,KC,a,SD,9.0,5000.0,2015112211,2015-11-22,00-0031203,0,0,0,0,0,0,0,0,0,0,0,0,0,0,0,0,0,0,0,0,0,0,0,0,0,0,0,0,0,0,0,2,2,28,6,3,1,4,0,3,0,0,0.0,0,0,0,0,0,0,0,1,K,8.0
13.0,2015,4437,J.Cook,TE,STL,h,ARI,3.7,4700.0,2015120609,2015-12-06,00-0027061,0,0,0,0,0,0,0,0,0,0,0,0,0,0,3,22,0,10,0,0,0,0,0,0,0,0,0,0,0,0,0,0,0,0,0,0,0,0,0,0,0,0,0.0,0,0,1,1,1,0,0,1,TE,3.3
6.0,2015,2831,D.Murray,RB,PHI,h,NYG,19.8,7600.0,2015101900,2015-10-19,00-0028009,0,0,0,0,0,0,0,22,109,1,21,12,0,0,3,14,0,7,0,0,0,0,0,0,0,0,0,0,0,0,0,0,0,0,0,0,0,0,0,0,0,0,0.0,0,0,1,0,0,0,0,1,RB,14.0
14.0,2015,3830,J.Maclin,WR,KC,h,SD,9.6,6900.0,2015121305,2015-12-13,00-0026995,0,0,0,0,0,0,0,1,-2,0,-2,0,0,0,6,68,0,21,0,0,0,0,0,0,0,0,0,0,0,0,0,0,0,0,0,0,0,0,0,0,0,0,0.0,0,0,0,0,0,0,0,1,WR,13.0
13.0,2015,3679,J.Jones,WR,GB,a,DET,2.4,5500.0,2015120300,2015-12-03,00-0025465,0,0,0,0,0,0,0,0,0,0,0,0,0,0,1,19,0,19,0,0,0,0,0,0,0,0,0,0,0,0,0,0,0,0,0,0,0,0,0,0,0,0,0.0,0,0,0,0,0,0,0,1,WR,10.6
16.0,2015,2914,S.Ware,RB,KC,h,CLE,1.5,5400.0,2015122704,2015-12-27,00-0030414,0,0,0,0,0,0,0,5,15,0,5,0,0,0,0,0,0,0,0,0,0,0,0,0,0,0,0,0,0,0,0,0,0,0,0,0,0,0,0,0,0,0,0.0,0,0,0,0,0,0,0,1,RB,10.2
2.0,2015,5206,D.Hopkins,WR,HOU,a,CAR,7.8,8100.0,2015092000,2015-09-20,00-0030564,0,0,0,0,0,0,0,0,0,0,0,0,0,0,5,53,0,16,0,0,0,0,0,0,0,0,0,0,0,0,0,0,0,0,0,0,0,0,0,0,0,0,0.0,0,0,0,0,0,0,0,1,WR,6.5
5.0,2015,1344,S.Bradford,QB,PHI,h,NO,19.62,7500.0,2015101100,2015-10-11,00-0027854,45,32,333,2,2,0,0,1,3,0,3,0,0,0,0,0,0,0,0,0,0,0,0,0,0,0,0,0,0,0,0,0,0,0,0,0,0,0,0,0,0,0,0.0,0,0,0,0,0,0,0,1,QB,16.68
10.0,2015,1400,T.Taylor,QB,BUF,a,NYJ,11.52,7200.0,2015111200,2015-11-12,00-0028118,27,17,158,1,0,0,0,6,12,0,8,0,0,0,0,0,0,0,0,0,0,0,0,0,0,0,0,0,0,0,0,0,0,0,0,0,0,0,0,0,0,0,0.0,0,0,0,0,0,0,0,1,QB,17.92
4.0,2015,2642,J.Forsett,RB,BAL,a,PIT,15.0,6700.0,2015100100,2015-10-01,00-0026373,0,0,0,0,0,0,0,27,150,0,33,0,0,0,0,0,0,0,0,0,0,0,0,0,0,0,0,0,0,0,0,0,0,0,0,0,0,0,0,0,0,0,0.0,0,0,0,0,0,0,0,1,RB,7.3
1.0,2015,1403,A.Dalton,QB,CIN,a,OAK,18.86,7100.0,2015091310,2015-09-13,00-0027973,34,25,269,2,0,0,0,4,1,0,3,0,0,0,0,0,0,0,0,0,0,0,0,0,0,0,0,0,0,0,0,0,0,0,0,0,0,0,0,0,0,0,0.0,0,0,0,0,0,0,0,1,QB,16.26
1.0,2015,4311,H.Miller,TE,PIT,a,NE,12.4,5500.0,2015091000,2015-09-10,00-0023465,0,0,0,0,0,0,0,0,0,0,0,0,0,0,8,84,0,18,0,0,0,0,0,0,0,0,0,0,0,0,0,0,0,0,0,0,0,0,0,0,0,0,0.0,0,0,0,0,0,0,0,1,TE,10.7
16.0,2015,5395,D.Johnson,RB,ARI,h,GB,20.2,7300.0,2015122710,2015-12-27,00-0032187,0,0,0,0,0,0,0,9,39,1,14,14,0,0,3,88,0,44,0,0,0,0,0,0,0,0,0,0,0,0,0,0,0,0,0,0,0,0,0,0,0,0,0.0,0,0,0,0,0,0,0,1,RB,16.5
15.0,2015,2992,T.Gurley,RB,STL,h,TB,14.9,8900.0,2015121700,2015-12-17,00-0032241,0,0,0,0,0,0,0,21,48,1,9,3,0,0,2,31,0,19,0,0,0,0,0,0,0,0,0,0,0,0,0,0,0,0,0,0,0,0,0,0,0,0,0.0,0,0,0,0,0,0,0,1,RB,14.3
12.0,2015,6225,C.Boswell,PK,PIT,a,SEA,11.0,4500.0,2015112910,2015-11-29,00-0031136,0,0,0,0,0,0,0,0,0,0,0,0,0,0,0,0,0,0,0,0,0,0,0,0,0,0,0,0,0,0,0,3,3,44,9,1,0,1,0,1,0,0,0.0,0,0,0,0,0,0,0,1,K,7.0
6.0,2015,3902,E.Decker,WR,NYJ,h,WAS,11.9,6100.0,2015101801,2015-10-18,00-0027690,0,0,0,0,0,0,0,0,0,0,0,0,0,0,4,59,1,35,2,0,0,0,0,0,0,0,0,0,0,0,0,0,0,0,0,0,0,0,0,0,0,0,0.0,0,0,1,0,0,0,1,1,WR,11.7
14.0,2015,2777,J.Starks,RB,GB,h,DAL,24.3,5600.0,2015121312,2015-12-13,00-0027791,0,0,0,0,0,0,0,11,71,1,30,30,0,0,4,32,1,13,13,0,0,0,0,0,0,0,0,0,0,0,0,0,0,0,0,0,0,0,0,0,0,0,0.0,0,0,0,0,0,0,0,1,RB,5.3
7.0,2015,6095,N.Novak,PK,HOU,a,MIA,2.0,4600.0,2015102502,2015-10-25,00-0023096,0,0,0,0,0,0,0,0,0,0,0,0,0,0,0,0,0,0,0,0,0,0,0,0,0,0,0,0,0,0,0,0,0,0,0,2,1,3,0,2,0,0,0.0,0,0,0,0,0,0,0,1,K,8.0
15.0,2015,6166,C.Barth,PK,TB,a,STL,13.0,4700.0,2015121700,2015-12-17,00-0026138,0,0,0,0,0,0,0,0,0,0,0,0,0,0,0,0,0,0,0,0,0,0,0,0,0,0,0,0,0,0,0,3,3,53,9,2,0,2,0,2,0,0,0.0,0,0,0,0,0,0,0,1,K,8.0
10.0,2015,4543,C.Clay,TE,BUF,a,NYJ,7.7,5400.0,2015111200,2015-11-12,00-0028112,0,0,0,0,0,0,0,0,0,0,0,0,0,0,5,52,0,25,0,0,0,0,0,0,0,0,0,0,0,0,0,0,0,0,0,0,0,0,0,0,0,0,0.0,0,0,0,0,0,0,0,1,TE,4.2
4.0,2015,1225,E.Manning,QB,NYG,a,BUF,19.28,7800.0,2015100407,2015-10-04,00-0022803,35,20,212,3,1,0,0,3,-2,0,0,0,0,0,0,0,0,0,0,0,0,0,0,0,0,0,0,0,0,0,0,0,0,0,0,0,0,0,0,0,0,0,0.0,0,0,1,1,1,-6,0,1,QB,17.04
6.0,2015,2991,M.Gordon,RB,SD,a,GB,0.9,6500.0,2015101809,2015-10-18,00-0032144,0,0,0,0,0,0,0,7,29,0,25,0,0,0,0,0,0,0,0,0,0,0,0,0,0,0,0,0,0,0,0,0,0,0,0,0,0,0,0,0,0,0,0.0,0,0,2,0,0,0,1,1,RB,6.3
11.0,2015,2858,D.Martin,RB,TB,a,PHI,23.5,6600.0,2015112204,2015-11-22,00-0029613,0,0,0,0,0,0,0,27,235,0,84,0,0,0,0,0,0,0,0,0,0,0,0,0,0,0,0,0,0,0,0,0,0,0,0,0,0,0,0,0,0,0,0.0,0,0,0,0,0,0,0,1,RB,14.3
14.0,2015,5091,A.Green,WR,CIN,h,PIT,22.2,8500.0,2015121302,2015-12-13,00-0027942,0,0,0,0,0,0,0,0,0,0,0,0,0,0,6,132,1,66,66,0,0,0,0,0,0,0,0,0,0,0,0,0,0,0,0,0,0,0,0,0,0,0,0.0,0,0,0,0,0,0,0,1,WR,14.8
10.0,2015,2484,D.Sproles,RB,PHI,h,MIA,5.9,5500.0,2015111505,2015-11-15,00-0023564,0,0,0,0,0,0,0,3,0,0,2,0,0,0,5,34,0,10,0,0,0,1,20,0,20,0,7,8,0,16,0,0,0,0,0,0,0,0,0,0,0,0,0.0,0,0,0,0,0,0,0,1,RB,3.2
8.0,2015,6205,G.Zuerlein,PK,STL,h,SF,5.0,4600.0,2015110107,2015-11-01,00-0029621,0,0,0,0,0,0,0,0,0,0,0,0,0,0,0,0,0,0,0,0,0,0,0,0,0,0,0,0,0,0,0,1,1,38,3,2,0,2,0,2,0,0,0.0,0,0,0,0,0,0,0,1,K,5.0
11.0,2015,5199,T.Austin,WR,STL,a,BAL,0.6,6000.0,2015112208,2015-11-22,00-0030525,0,0,0,0,0,0,0,1,16,0,16,0,0,0,1,5,0,5,0,0,0,0,0,0,0,0,4,0,0,3,0,0,0,0,0,0,0,0,0,0,0,0,0.0,0,0,1,0,0,0,1,1,WR,11.6
13.0,2015,5162,K.Wright,WR,TEN,h,JAC,4.3,5200.0,2015120604,2015-12-06,00-0029708,0,0,0,0,0,0,0,0,0,0,0,0,0,0,3,28,0,10,0,0,0,0,0,0,0,0,0,0,0,0,0,0,0,0,0,0,0,0,0,0,0,0,0.0,0,0,0,0,0,0,0,1,WR,11.2
1.0,2015,4629,R.Rodgers,TE,GB,a,CHI,5.3,4900.0,2015091300,2015-09-13,00-0031384,0,0,0,0,0,0,0,1,11,0,11,0,0,0,3,27,0,20,0,0,0,0,0,0,0,0,0,0,0,0,0,0,0,0,0,0,0,0,0,0,0,0,0.0,0,0,0,0,0,0,0,1,TE,9.5
13.0,2015,6227,B.McManus,PK,DEN,a,SD,5.0,4800.0,2015120611,2015-12-06,00-0029822,0,0,0,0,0,0,0,0,0,0,0,0,0,0,0,0,0,0,0,0,0,0,0,0,0,0,0,0,0,0,0,1,2,23,3,2,0,2,0,2,0,0,0.0,0,0,0,0,0,0,0,1,K,8.0
15.0,2015,6163,D.Carpenter,PK,BUF,a,WAS,5.0,4700.0,2015122007,2015-12-20,00-0026003,0,0,0,0,0,0,0,0,0,0,0,0,0,0,0,0,0,0,0,0,0,0,0,0,0,0,0,0,0,0,0,1,1,32,3,2,0,2,0,2,0,0,0.0,0,0,0,0,0,0,0,1,K,8.0
11.0,2015,2707,L.McCoy,RB,BUF,a,NE,21.3,7500.0,2015112300,2015-11-23,00-0027029,0,0,0,0,0,0,0,20,82,1,27,27,0,0,6,41,0,11,0,0,0,0,0,0,0,0,0,0,0,0,0,0,0,0,0,0,0,0,0,0,0,0,0.0,0,0,0,0,0,0,0,1,RB,14.6
4.0,2015,6237,A.Franks,PK,MIA,h,NYJ,2.0,4500.0,2015100400,2015-10-04,00-0031718,0,0,0,0,0,0,0,0,0,0,0,0,0,0,0,0,0,0,0,0,0,0,0,0,0,0,0,0,0,0,0,0,0,0,0,2,0,2,0,2,0,0,0.0,0,0,0,0,0,0,0,1,K,8.0
6.0,2015,6104,M.Crosby,PK,GB,h,SD,9.0,4900.0,2015101809,2015-10-18,00-0025580,0,0,0,0,0,0,0,0,0,0,0,0,0,0,0,0,0,0,0,0,0,0,0,0,0,0,0,0,0,0,0,2,2,28,6,3,0,3,0,3,0,0,0.0,0,0,0,0,0,0,0,1,K,6.0
6.0,2015,2859,L.Miller,RB,MIA,a,TEN,18.8,6400.0,2015101806,2015-10-18,00-0029615,0,0,0,0,0,0,0,19,113,1,22,7,0,0,2,5,0,4,0,0,0,0,0,0,0,0,0,0,0,0,0,0,0,0,0,0,0,0,0,0,0,0,0.0,0,0,0,0,0,0,0,1,RB,7.8
6.0,2015,3677,C.Johnson,WR,DET,h,CHI,25.6,8200.0,2015101800,2015-10-18,00-0025389,0,0,0,0,0,0,0,0,0,0,0,0,0,0,6,166,1,57,6,0,0,0,0,0,0,0,0,0,0,0,0,0,0,0,0,0,0,0,0,0,0,0,0.0,0,0,0,0,0,0,0,1,WR,13.9
2.0,2015,1207,C.Palmer,QB,ARI,a,CHI,22.2,7800.0,2015092006,2015-09-20,00-0021429,24,17,185,4,1,0,0,2,-2,0,-1,0,0,0,0,0,0,0,0,0,0,0,0,0,0,0,0,0,0,0,0,0,0,0,0,0,0,0,0,0,0,0,0.0,0,0,0,0,0,0,0,1,QB,17.12
2.0,2015,3983,E.Sanders,WR,DEN,a,KC,24.7,8000.0,2015091700,2015-09-17,00-0027685,0,0,0,0,0,0,0,1,0,0,0,0,0,0,8,87,2,19,19,0,0,0,0,0,0,0,0,0,0,0,0,0,0,0,0,0,0,0,0,0,0,0,0.0,0,0,0,0,0,0,0,1,WR,6.9
4.0,2015,2931,C.Sims,RB,TB,h,CAR,12.8,5700.0,2015100406,2015-10-04,00-0031390,0,0,0,0,0,0,0,6,23,0,7,0,0,0,3,30,1,13,10,0,0,0,0,0,0,0,0,0,0,0,0,0,0,0,0,0,0,0,0,0,0,0,0.0,0,0,0,0,0,0,0,1,RB,4.2
3.0,2015,6194,D.Bailey,PK,DAL,h,ATL,4.0,5000.0,2015092700,2015-09-27,00-0028660,0,0,0,0,0,0,0,0,0,0,0,0,0,0,0,0,0,0,0,0,0,0,0,0,0,0,0,0,0,0,0,0,0,0,0,4,0,4,0,4,0,0,0.0,0,0,0,0,0,0,0,1,K,6.0
16.0,2015,6224,C.Santos,PK,KC,h,CLE,6.0,4700.0,2015122704,2015-12-27,00-0031203,0,0,0,0,0,0,0,0,0,0,0,0,0,0,0,0,0,0,0,0,0,0,0,0,0,0,0,0,0,0,0,1,1,40,3,2,0,2,0,2,0,0,0.0,0,0,0,0,0,0,0,1,K,9.0
13.0,2015,4602,A.Seferian-Jenkins,TE,TB,h,ATL,4.6,5000.0,2015120608,2015-12-06,00-0031418,0,0,0,0,0,0,0,0,0,0,0,0,0,0,3,31,0,15,0,0,0,0,0,0,0,0,0,0,0,0,0,0,0,0,0,0,0,0,0,0,0,0,0.0,0,0,0,0,0,0,0,1,TE,4.3
12.0,2015,6233,J.Lambo,PK,SD,a,JAC,7.0,4700.0,2015112906,2015-11-29,00-0032087,0,0,0,0,0,0,0,0,0,0,0,0,0,0,0,0,0,0,0,0,0,0,0,0,0,0,0,0,0,0,0,1,1,28,3,4,0,4,0,4,0,0,0.0,0,0,0,0,0,0,0,1,K,8.0
6.0,2015,3997,D.Thomas,WR,DEN,a,CLE,16.1,8300.0,2015101805,2015-10-18,00-0027874,0,0,0,0,0,0,0,0,0,0,0,0,0,0,10,111,0,20,0,0,0,0,0,0,0,0,0,0,0,0,0,0,0,0,0,0,0,0,0,0,0,0,0.0,0,0,0,0,0,0,0,1,WR,14.0
8.0,2015,6071,M.Bryant,PK,ATL,h,TB,8.0,4800.0,2015110105,2015-11-01,00-0020578,0,0,0,0,0,0,0,0,0,0,0,0,0,0,0,0,0,0,0,0,0,0,0,0,0,0,0,0,0,0,0,2,2,24,6,2,0,2,0,2,0,0,0.0,0,0,0,0,0,0,0,1,K,6.0
1.0,2015,1340,M.Stafford,QB,DET,a,SD,15.74,7800.0,2015091308,2015-09-13,00-0026498,30,19,246,2,2,0,0,1,-1,0,-1,0,0,0,0,0,0,0,0,0,0,0,0,0,0,0,0,0,0,0,0,0,0,0,0,0,0,0,0,0,0,0,0.0,0,0,0,0,0,0,0,1,QB,17.78
11.0,2015,4437,J.Cook,TE,STL,a,BAL,5.1,4800.0,2015112208,2015-11-22,00-0027061,0,0,0,0,0,0,0,0,0,0,0,0,0,0,4,31,0,16,0,0,0,0,0,0,0,0,0,0,0,0,0,0,0,0,0,0,0,0,0,0,0,0,0.0,0,0,0,0,0,0,0,1,TE,2.4
10.0,2015,2721,L.Blount,RB,NE,a,NYG,14.7,6900.0,2015111509,2015-11-15,00-0027325,0,0,0,0,0,0,0,19,66,1,13,1,0,0,2,11,0,10,0,0,0,0,0,0,0,0,0,0,0,0,0,0,0,0,0,0,0,0,0,0,0,0,0.0,0,0,0,0,0,0,0,1,RB,14.4
2.0,2015,1441,D.Carr,QB,OAK,h,BAL,27.34,6100.0,2015092010,2015-09-20,00-0031280,46,30,351,3,1,0,0,2,23,0,24,0,0,0,0,0,0,0,0,0,0,0,0,0,0,0,0,0,0,0,0,0,0,0,0,0,0,0,0,0,0,0,0.0,0,0,0,0,0,0,0,1,QB,12.2
5.0,2015,4538,L.Kendricks,TE,STL,a,GB,2.6,4600.0,2015101107,2015-10-11,00-0027985,0,0,0,0,0,0,0,0,0,0,0,0,0,0,2,16,0,12,0,0,0,0,0,0,0,0,0,0,0,0,0,0,0,0,0,0,0,0,0,0,0,0,0.0,0,0,0,0,0,0,0,1,TE,2.0
2.0,2015,2901,D.Robinson,RB,JAC,h,MIA,0.9,5400.0,2015092011,2015-09-20,00-0030547,0,0,0,0,0,0,0,1,9,0,9,0,0,0,0,0,0,0,0,0,0,0,0,0,0,0,0,0,0,0,0,0,0,0,0,0,0,0,0,0,0,0,0.0,0,0,0,0,0,0,0,1,RB,3.9
2.0,2015,2613,M.Forte,RB,CHI,h,ARI,12.5,8900.0,2015092006,2015-09-20,00-0026184,0,0,0,0,0,0,0,15,61,0,27,0,0,0,4,44,0,27,0,0,0,0,0,0,0,0,0,0,0,0,0,0,0,0,0,0,0,0,0,0,0,0,0.0,0,0,0,0,0,0,0,1,RB,11.9
14.0,2015,6224,C.Santos,PK,KC,h,SD,5.0,4700.0,2015121305,2015-12-13,00-0031203,0,0,0,0,0,0,0,0,0,0,0,0,0,0,0,0,0,0,0,0,0,0,0,0,0,0,0,0,0,0,0,1,2,40,3,1,0,1,0,1,0,0,0.0,0,0,0,0,0,0,0,1,K,9.0
5.0,2015,5254,J.Matthews,WR,PHI,h,NO,6.9,6800.0,2015101100,2015-10-11,00-0031299,0,0,0,0,0,0,0,0,0,0,0,0,0,0,5,44,0,18,0,0,0,0,0,0,0,0,0,0,0,0,0,0,0,0,0,0,0,0,0,0,0,0,0.0,0,0,0,0,0,0,0,1,WR,12.4
9.0,2015,4411,J.Tamme,TE,ATL,a,SF,9.1,5200.0,2015110808,2015-11-08,00-0026267,0,0,0,0,0,0,0,0,0,0,0,0,0,0,6,61,0,26,0,0,0,0,0,0,0,0,0,0,0,0,0,0,0,0,0,0,0,0,0,0,0,0,0.0,0,0,0,0,0,0,0,1,TE,4.3
10.0,2015,2992,T.Gurley,RB,STL,h,CHI,16.4,9200.0,2015111504,2015-11-15,00-0032241,0,0,0,0,0,0,0,12,45,1,9,6,0,0,3,44,0,31,0,0,0,0,0,0,0,0,0,0,0,0,0,0,0,0,0,0,0,0,0,0,0,0,0.0,0,0,0,0,0,0,0,1,RB,17.6
6.0,2015,1252,A.Rodgers,QB,GB,h,SD,19.6,9300.0,2015101809,2015-10-18,00-0023459,29,16,255,2,0,0,0,2,14,0,15,0,0,0,0,0,0,0,0,0,0,0,0,0,0,0,0,0,0,0,0,0,0,0,0,0,0,0,0,0,0,0,0.0,0,0,0,0,0,0,0,1,QB,22.9
15.0,2015,3423,A.Boldin,WR,SF,h,CIN,15.4,5700.0,2015122012,2015-12-20,00-0022084,0,0,0,0,0,0,0,0,0,0,0,0,0,0,8,74,1,29,15,0,0,0,0,0,0,0,0,0,0,0,0,0,0,0,0,0,0,0,0,0,0,0,0.0,0,0,1,0,0,0,1,1,WR,5.3
2.0,2015,2552,M.Lynch,RB,SEA,a,GB,7.7,8500.0,2015092013,2015-09-20,00-0025399,0,0,0,0,0,0,0,15,41,0,11,0,0,0,3,21,0,12,0,0,0,0,0,0,0,0,0,0,0,0,0,0,0,0,0,0,0,0,0,0,0,0,0.0,0,0,0,0,0,0,0,1,RB,15.9
15.0,2015,1060,M.Hasselbeck,QB,IND,h,HOU,8.98,6400.0,2015122004,2015-12-20,00-0007091,30,17,147,1,1,0,0,1,1,0,1,0,0,0,0,0,0,0,0,0,0,0,0,0,0,0,0,0,0,0,0,0,0,0,0,0,0,0,0,0,0,0,0.0,0,0,0,0,0,0,0,1,QB,15.86
16.0,2015,4562,L.Green,TE,SD,a,OAK,3.7,4800.0,2015122400,2015-12-24,00-0029275,0,0,0,0,0,0,0,0,0,0,0,0,0,0,2,27,0,14,0,0,0,0,0,0,0,0,0,0,0,0,0,0,0,0,0,0,0,0,0,0,0,0,0.0,0,0,0,0,0,0,0,1,TE,3.9
3.0,2015,1340,M.Stafford,QB,DET,h,DEN,11.08,7400.0,2015092713,2015-09-27,00-0026498,45,31,282,1,2,0,0,1,-1,0,-1,0,0,0,1,-6,0,-6,0,0,0,0,0,0,0,0,0,0,0,0,0,0,0,0,0,0,0,0,0,0,0,0,0.0,0,0,1,0,0,0,1,1,QB,16.88
1.0,2015,5140,A.Hawkins,WR,CLE,a,NYJ,3.9,4700.0,2015091305,2015-09-13,00-0027918,0,0,0,0,0,0,0,0,0,0,0,0,0,0,3,24,0,11,0,0,0,0,0,0,0,0,0,0,0,0,0,0,0,0,0,0,0,0,0,0,0,0,0.0,0,0,0,0,0,0,0,1,WR,4.7
1.0,2015,5254,J.Matthews,WR,PHI,a,ATL,15.2,6800.0,2015091400,2015-09-14,00-0031299,0,0,0,0,0,0,0,0,0,0,0,0,0,0,10,102,0,25,0,0,0,0,0,0,0,0,0,0,0,0,0,0,0,0,0,0,0,0,0,0,0,0,0.0,0,0,0,0,0,0,0,1,WR,12.8
3.0,2015,1466,M.Mariota,QB,TEN,h,IND,20.68,7300.0,2015092709,2015-09-27,00-0032268,44,27,367,2,2,0,0,0,0,0,0,0,0,0,0,0,0,0,0,0,0,0,0,0,0,0,0,0,0,0,0,0,0,0,0,0,0,0,0,0,0,0,0.0,0,0,0,0,0,0,0,1,QB,17.0
2.0,2015,2689,D.Woodhead,RB,SD,a,CIN,13.4,6200.0,2015092002,2015-09-20,00-0026019,0,0,0,0,0,0,0,7,36,0,9,0,0,0,6,68,0,19,0,0,0,0,0,0,0,0,0,0,0,0,0,0,0,0,0,0,0,0,0,0,0,0,0.0,0,0,0,0,0,0,0,1,RB,5.9
6.0,2015,2915,C.Thompson,RB,WAS,a,NYJ,6.8,5100.0,2015101801,2015-10-18,00-0030404,0,0,0,0,0,0,0,5,12,0,8,0,0,0,6,26,0,13,0,0,0,0,0,0,0,0,0,0,0,0,0,0,0,0,0,0,0,0,0,0,0,0,0.0,0,0,0,0,0,0,0,1,RB,3.9
5.0,2015,2993,T.Yeldon,RB,JAC,a,TB,14.8,6600.0,2015101104,2015-10-11,00-0032209,0,0,0,0,0,0,0,11,32,0,10,0,0,0,5,31,1,13,4,0,0,0,0,0,0,0,0,0,0,0,0,0,0,0,0,0,0,0,0,0,0,0,0.0,0,0,0,0,0,0,0,1,RB,13.7
9.0,2015,6209,D.Hopkins,PK,WAS,a,NE,4.0,4800.0,2015110802,2015-11-08,00-0030098,0,0,0,0,0,0,0,0,0,0,0,0,0,0,0,0,0,0,0,0,0,0,0,0,0,0,0,0,0,0,0,1,1,23,3,1,0,1,0,1,0,0,0.0,0,0,0,0,0,0,0,1,K,8.0
4.0,2015,5198,K.Allen,WR,SD,h,CLE,15.2,7700.0,2015100408,2015-10-04,00-0030279,0,0,0,0,0,0,0,0,0,0,0,0,0,0,4,72,1,31,28,0,0,0,0,0,0,0,1,5,0,5,0,0,0,0,0,0,0,0,0,0,0,0,0.0,0,0,0,0,0,0,0,1,WR,7.5
2.0,2015,2858,D.Martin,RB,TB,a,NO,8.8,6700.0,2015092008,2015-09-20,00-0029613,0,0,0,0,0,0,0,21,78,0,20,0,0,0,2,20,0,16,0,0,0,0,0,0,0,0,0,0,0,0,0,0,0,0,0,0,0,0,0,0,0,0,0.0,0,0,1,0,0,0,1,1,RB,7.3
1.0,2015,1301,M.Ryan,QB,ATL,h,PHI,18.62,8800.0,2015091400,2015-09-14,00-0026143,34,23,298,2,2,0,0,5,7,0,6,0,0,0,0,0,0,0,0,0,0,0,0,0,0,0,0,0,0,0,0,0,0,0,0,0,0,0,0,0,0,0,0.0,0,0,0,0,0,0,0,1,QB,18.82
11.0,2015,1378,C.Newton,QB,CAR,h,WAS,31.44,8600.0,2015112206,2015-11-22,00-0027939,34,21,246,5,0,0,0,4,16,0,9,0,0,0,0,0,0,0,0,0,0,0,0,0,0,0,0,0,0,0,0,0,0,0,0,0,0,0,0,0,0,0,0.0,0,0,0,0,0,0,0,1,QB,25.36
7.0,2015,4537,K.Rudolph,TE,MIN,a,DET,8.0,5000.0,2015102506,2015-10-25,00-0027981,0,0,0,0,0,0,0,0,0,0,0,0,0,0,2,10,1,9,1,0,0,0,0,0,0,0,0,0,0,0,0,0,0,0,0,0,0,0,0,0,0,0,0.0,0,0,0,0,0,0,0,1,TE,3.9
5.0,2015,2888,L.Bell,RB,PIT,a,SD,20.7,9000.0,2015101200,2015-10-12,00-0030496,0,0,0,0,0,0,0,21,111,1,32,1,0,0,4,16,0,9,0,0,0,0,0,0,0,0,0,0,0,0,0,0,0,0,0,0,0,0,0,0,0,0,0.0,0,0,0,0,0,0,0,1,RB,18.8
4.0,2015,2831,D.Murray,RB,PHI,a,WAS,5.8,7600.0,2015100405,2015-10-04,00-0028009,0,0,0,0,0,0,0,8,36,0,30,0,0,0,2,12,0,8,0,0,0,0,0,0,0,0,0,0,0,0,0,0,0,0,0,0,0,0,0,0,0,0,0.0,0,0,0,0,0,0,0,1,RB,5.9
5.0,2015,2928,J.Hill,RB,CIN,h,SEA,3.0,6800.0,2015101102,2015-10-11,00-0031301,0,0,0,0,0,0,0,8,13,0,5,0,0,0,1,12,0,12,0,0,0,0,0,0,0,0,0,0,0,0,0,0,0,0,0,0,0,0,0,0,0,0,0.0,0,0,0,0,0,0,0,1,RB,11.5
11.0,2015,3770,D.Jackson,WR,WAS,a,CAR,17.2,6100.0,2015112206,2015-11-22,00-0026189,0,0,0,0,0,0,0,0,0,0,0,0,0,0,5,87,1,56,56,0,0,0,0,0,0,0,0,0,0,0,0,0,0,0,0,0,0,0,0,0,0,0,0.0,0,0,0,0,0,0,0,1,WR,5.6
3.0,2015,6167,S.Hauschka,PK,SEA,h,CHI,16.0,5000.0,2015092711,2015-09-27,00-0025944,0,0,0,0,0,0,0,0,0,0,0,0,0,0,0,0,0,0,0,0,0,0,0,0,0,0,0,0,0,0,0,4,4,48,12,2,0,2,0,2,0,0,0.0,0,0,0,0,0,0,0,1,K,9.0
3.0,2015,2819,B.Powell,RB,NYJ,h,PHI,11.0,5200.0,2015092702,2015-09-27,00-0028064,0,0,0,0,0,0,0,10,31,0,10,0,0,0,7,44,0,13,0,0,0,0,0,0,0,0,0,0,0,0,0,0,0,0,0,0,0,0,0,0,0,0,0.0,0,0,0,0,0,0,0,1,RB,5.9
5.0,2015,4591,T.Wright,TE,DET,h,ARI,2.7,4500.0,2015101108,2015-10-11,00-0029910,0,0,0,0,0,0,0,0,0,0,0,0,0,0,3,12,0,8,0,0,0,0,0,0,0,0,0,0,0,0,0,0,0,0,0,0,0,0,0,0,0,0,0.0,0,0,0,0,0,0,0,1,TE,2.4
10.0,2015,1225,E.Manning,QB,NYG,h,NE,21.44,7400.0,2015111509,2015-11-15,00-0022803,44,24,361,2,0,0,0,1,10,0,10,0,0,0,0,0,0,0,0,0,0,0,0,0,0,0,0,0,0,0,0,0,0,0,0,0,0,0,0,0,0,0,0.0,0,0,1,0,0,0,1,1,QB,17.56
14.0,2015,6209,D.Hopkins,PK,WAS,a,CHI,7.0,4500.0,2015121306,2015-12-13,00-0030098,0,0,0,0,0,0,0,0,0,0,0,0,0,0,0,0,0,0,0,0,0,0,0,0,0,0,0,0,0,0,0,1,1,47,3,3,0,3,0,3,0,0,0.0,0,0,0,0,0,0,0,1,K,7.0
4.0,2015,2754,R.Mathews,RB,PHI,a,WAS,0.0,5900.0,2015100405,2015-10-04,00-0027864,0,0,0,0,0,0,0,5,20,0,9,0,0,0,0,0,0,0,0,0,0,0,0,0,0,0,0,0,0,0,0,0,0,0,0,0,0,0,0,0,0,0,0.0,0,0,1,0,0,-3,1,1,RB,5.6
11.0,2015,4411,J.Tamme,TE,ATL,h,IND,2.1,5300.0,2015112202,2015-11-22,00-0026267,0,0,0,0,0,0,0,0,0,0,0,0,0,0,1,16,0,16,0,0,0,0,0,0,0,0,0,0,0,0,0,0,0,0,0,0,0,0,0,0,0,0,0.0,0,0,0,0,0,0,0,1,TE,4.5
5.0,2015,5163,C.Beasley,WR,DAL,h,NE,6.0,5200.0,2015101109,2015-10-11,00-0029000,0,0,0,0,0,0,0,0,0,0,0,0,0,0,4,40,0,21,0,0,0,0,0,0,0,0,1,8,0,8,0,0,0,0,0,0,0,0,0,0,0,0,0.0,0,0,0,0,0,0,0,1,WR,4.3
9.0,2015,1381,B.Gabbert,QB,SF,h,ATL,16.6,5400.0,2015110808,2015-11-08,00-0027948,25,15,185,2,2,0,0,8,32,0,10,0,0,0,0,0,0,0,0,0,0,0,0,0,0,0,0,0,0,0,0,0,0,0,0,0,0,0,0,0,0,0,0.0,0,0,0,0,0,0,0,1,QB,10.96
5.0,2015,3677,C.Johnson,WR,DET,h,ARI,9.2,8100.0,2015101108,2015-10-11,00-0025389,0,0,0,0,0,0,0,0,0,0,0,0,0,0,5,67,0,23,0,0,0,0,0,0,0,0,0,0,0,0,0,0,0,0,0,0,0,0,0,0,0,0,0.0,0,0,0,0,0,0,0,1,WR,13.6
7.0,2015,6037,A.Vinatieri,PK,IND,h,NO,3.0,5000.0,2015102507,2015-10-25,00-0016919,0,0,0,0,0,0,0,0,0,0,0,0,0,0,0,0,0,0,0,0,0,0,0,0,0,0,0,0,0,0,0,0,0,0,0,3,0,3,0,3,0,0,0.0,0,0,0,0,0,0,0,1,K,6.0
16.0,2015,1225,E.Manning,QB,NYG,a,MIN,10.36,7400.0,2015122706,2015-12-27,00-0022803,29,15,234,1,3,0,0,1,0,0,0,0,0,0,0,0,0,0,0,0,0,0,0,0,0,0,0,0,0,0,0,0,0,0,0,0,0,0,0,0,0,0,0.0,0,0,1,1,1,-13,0,1,QB,16.72
7.0,2015,4368,G.Olsen,TE,CAR,h,PHI,8.0,6400.0,2015102511,2015-10-25,00-0025418,0,0,0,0,0,0,0,0,0,0,0,0,0,0,3,65,0,28,0,0,0,0,0,0,0,0,0,0,0,0,0,0,0,0,0,0,0,0,0,0,0,0,0.0,0,0,0,0,0,0,0,1,TE,12.9
5.0,2015,5341,A.Hurns,WR,JAC,a,TB,20.1,6100.0,2015101104,2015-10-11,00-0030821,0,0,0,0,0,0,0,0,0,0,0,0,0,0,5,116,1,59,12,0,0,0,0,0,0,0,0,0,0,0,0,0,0,0,0,0,0,0,0,0,0,0,0.0,0,0,0,0,0,0,0,1,WR,5.4
6.0,2015,4311,H.Miller,TE,PIT,h,ARI,1.0,5500.0,2015101802,2015-10-18,00-0023465,0,0,0,0,0,0,0,0,0,0,0,0,0,0,1,5,0,5,0,0,0,0,0,0,0,0,0,0,0,0,0,0,0,0,0,0,0,0,0,0,0,0,0.0,0,0,0,0,0,0,0,1,TE,3.1
11.0,2015,1400,T.Taylor,QB,BUF,a,NE,9.42,7200.0,2015112300,2015-11-23,00-0028118,36,20,233,0,0,0,0,4,1,0,5,0,0,0,0,0,0,0,0,0,0,0,0,0,0,0,0,0,0,0,0,0,0,0,0,0,0,0,0,0,0,0,0.0,0,0,1,0,0,0,0,1,QB,18.14
1.0,2015,2930,D.Freeman,RB,ATL,h,PHI,6.2,6500.0,2015091400,2015-09-14,00-0031285,0,0,0,0,0,0,0,10,18,0,9,0,0,0,3,29,0,12,0,0,0,0,0,0,0,0,0,0,0,0,0,0,0,0,0,0,0,0,0,0,0,0,0.0,0,0,0,0,0,0,0,1,RB,4.1
16.0,2015,5367,M.Bryant,WR,PIT,a,BAL,1.5,7200.0,2015122712,2015-12-27,00-0031373,0,0,0,0,0,0,0,1,4,0,4,0,0,0,1,6,0,6,0,0,0,0,0,0,0,0,0,0,0,0,0,0,0,0,0,0,0,0,0,0,0,0,0.0,0,0,0,0,0,0,0,1,WR,13.6
11.0,2015,2972,K.Carey,RB,CHI,h,DEN,3.2,4800.0,2015112200,2015-11-22,00-0031057,0,0,0,0,0,0,0,9,32,0,9,0,0,0,0,0,0,0,0,0,0,0,0,0,0,0,0,0,0,0,0,0,0,0,0,0,0,0,0,0,0,0,0.0,0,0,0,0,0,0,0,1,RB,2.4
4.0,2015,2696,A.Foster,RB,HOU,a,ATL,3.0,8000.0,2015100402,2015-10-04,00-0026796,0,0,0,0,0,0,0,8,10,0,5,0,0,0,3,25,0,15,0,0,0,0,0,0,0,0,0,0,0,0,0,0,0,0,0,0,0,0,0,0,0,0,0.0,0,0,1,0,0,0,1,1,RB,7.4
1.0,2015,1242,R.Fitzpatrick,QB,NYJ,h,CLE,14.06,6800.0,2015091305,2015-09-13,00-0023682,24,15,179,2,1,0,0,2,-1,0,0,0,0,0,0,0,0,0,0,0,0,0,0,0,0,0,0,0,0,0,0,0,0,0,0,0,0,0,0,0,0,0,0.0,0,0,1,1,1,-23,0,1,QB,12.56
9.0,2015,2928,J.Hill,RB,CIN,h,CLE,5.7,6800.0,2015110500,2015-11-05,00-0031301,0,0,0,0,0,0,0,15,52,0,13,0,0,0,1,0,0,0,0,0,0,0,0,0,0,0,0,0,0,0,0,0,0,0,0,0,0,0,0,0,0,0,0.0,0,0,0,0,0,0,0,1,RB,14.3
2.0,2015,5216,T.Williams,WR,DAL,a,PHI,16.4,6300.0,2015092012,2015-09-20,00-0030542,0,0,0,0,0,0,0,0,0,0,0,0,0,0,4,84,1,42,42,0,0,0,0,0,0,0,0,0,0,0,0,0,0,0,0,0,0,0,0,0,0,0,0.0,0,0,0,0,0,0,0,1,WR,7.0
14.0,2015,6205,G.Zuerlein,PK,STL,h,DET,3.0,4500.0,2015121309,2015-12-13,00-0029621,0,0,0,0,0,0,0,0,0,0,0,0,0,0,0,0,0,0,0,0,0,0,0,0,0,0,0,0,0,0,0,0,0,0,0,3,0,3,0,3,0,0,0.0,0,0,0,0,0,0,0,1,K,8.0
1.0,2015,4602,A.Seferian-Jenkins,TE,TB,h,TEN,25.5,4700.0,2015091311,2015-09-13,00-0031418,0,0,0,0,0,0,0,0,0,0,0,0,0,0,5,110,2,41,41,0,0,0,0,0,0,0,0,0,0,0,0,0,0,0,0,0,0,0,0,0,0,0,0.0,0,0,0,0,0,0,0,1,TE,9.3
15.0,2015,6194,D.Bailey,PK,DAL,h,NYJ,12.0,4600.0,2015121900,2015-12-19,00-0028660,0,0,0,0,0,0,0,0,0,0,0,0,0,0,0,0,0,0,0,0,0,0,0,0,0,0,0,0,0,0,0,3,3,50,9,1,0,1,0,1,0,0,0.0,0,0,0,0,0,0,0,1,K,8.0
4.0,2015,3552,M.Jones,RB,WAS,h,PHI,1.1,6300.0,2015100405,2015-10-04,00-0031939,0,0,0,0,0,0,0,7,11,0,7,0,0,0,0,0,0,0,0,0,0,0,0,0,0,0,0,0,0,0,0,0,0,0,0,0,0,0,0,0,0,0,0.0,0,0,0,0,0,0,0,1,RB,5.9
10.0,2015,4569,Z.Ertz,TE,PHI,h,MIA,10.3,5000.0,2015111505,2015-11-15,00-0030061,0,0,0,0,0,0,0,0,0,0,0,0,0,0,7,68,0,27,0,0,0,0,0,0,0,0,0,0,0,0,0,0,0,0,0,0,0,0,0,0,0,0,0.0,0,0,0,0,0,0,0,1,TE,10.5
6.0,2015,1207,C.Palmer,QB,ARI,a,PIT,18.74,8000.0,2015101802,2015-10-18,00-0021429,45,29,421,1,2,0,0,2,-1,0,0,0,0,0,0,0,0,0,0,0,0,0,0,0,0,0,0,0,0,0,0,0,0,0,0,0,0,0,0,0,0,0,0.0,0,0,1,0,0,-7,0,1,QB,17.52
11.0,2015,6229,C.Catanzaro,PK,ARI,h,CIN,10.0,4700.0,2015112209,2015-11-22,00-0030896,0,0,0,0,0,0,0,0,0,0,0,0,0,0,0,0,0,0,0,0,0,0,0,0,0,0,0,0,0,0,0,2,2,32,6,4,0,4,0,4,0,0,0.0,0,0,0,0,0,0,0,1,K,9.0
1.0,2015,4552,C.Fleener,TE,IND,a,BUF,3.0,5100.0,2015091304,2015-09-13,00-0029697,0,0,0,0,0,0,0,0,0,0,0,0,0,0,1,5,0,5,0,1,1,0,0,0,0,0,0,0,0,0,0,0,0,0,0,0,0,0,0,0,0,0,0.0,0,0,0,0,0,0,0,1,TE,8.9
1.0,2015,1263,J.Cutler,QB,CHI,h,GB,15.1,7900.0,2015091300,2015-09-13,00-0024226,36,18,225,1,1,0,0,4,31,0,12,0,0,0,0,0,0,0,0,0,0,0,0,0,0,0,0,0,0,0,0,0,0,0,0,0,0,0,0,0,0,0,0.0,0,0,0,0,0,0,0,1,QB,17.78
9.0,2015,2535,A.Bradshaw,RB,IND,h,DEN,7.6,5000.0,2015110809,2015-11-08,00-0025637,0,0,0,0,0,0,0,6,3,0,3,0,0,0,1,8,1,8,8,0,0,0,0,0,0,0,0,0,0,0,0,0,0,0,0,0,0,0,0,0,0,0,0.0,0,0,0,0,0,0,0,1,RB,2.6
12.0,2015,4494,R.Gronkowski,TE,NE,a,DEN,17.8,8400.0,2015112911,2015-11-29,00-0027656,0,0,0,0,0,0,0,0,0,0,0,0,0,0,6,88,1,23,23,0,0,0,0,0,0,0,0,0,0,0,0,0,0,0,0,0,0,0,0,0,0,0,0.0,0,0,0,0,0,0,0,1,TE,12.8
16.0,2015,1378,C.Newton,QB,CAR,a,ATL,14.28,9300.0,2015122707,2015-12-27,00-0027939,30,17,142,0,0,0,0,7,46,1,18,8,0,0,0,0,0,0,0,0,0,0,0,0,0,0,0,0,0,0,0,0,0,0,0,0,0,0,0,0,0,0,0.0,0,0,1,0,0,0,1,1,QB,26.28
10.0,2015,6205,G.Zuerlein,PK,STL,h,CHI,7.0,4500.0,2015111504,2015-11-15,00-0029621,0,0,0,0,0,0,0,0,0,0,0,0,0,0,0,0,0,0,0,0,0,0,0,0,0,0,0,0,0,0,0,2,2,38,6,1,0,1,0,1,0,0,0.0,0,0,0,0,0,0,0,1,K,8.0
9.0,2015,4437,J.Cook,TE,STL,a,MIN,1.5,5200.0,2015110800,2015-11-08,00-0027061,0,0,0,0,0,0,0,0,0,0,0,0,0,0,1,10,0,10,0,0,0,0,0,0,0,0,0,0,0,0,0,0,0,0,0,0,0,0,0,0,0,0,0.0,0,0,0,0,0,0,0,1,TE,3.2
11.0,2015,3627,B.Marshall,WR,NYJ,a,HOU,13.2,7900.0,2015112203,2015-11-22,00-0024334,0,0,0,0,0,0,0,0,0,0,0,0,0,0,5,47,1,21,21,0,0,0,0,0,0,0,0,0,0,0,0,0,0,0,0,0,0,0,0,0,0,0,0.0,0,0,0,0,0,0,0,1,WR,13.4
3.0,2015,5252,S.Watkins,WR,BUF,a,MIA,4.4,6800.0,2015092712,2015-09-27,00-0031325,0,0,0,0,0,0,0,0,0,0,0,0,0,0,1,39,0,39,0,0,0,0,0,0,0,0,0,0,0,0,0,0,0,0,0,0,0,0,0,0,0,0,0.0,0,0,0,0,0,0,0,1,WR,5.7
16.0,2015,4461,Z.Miller,TE,CHI,a,TB,10.4,5600.0,2015122708,2015-12-27,00-0027125,0,0,0,0,0,0,0,0,0,0,0,0,0,0,7,69,0,18,0,0,0,0,0,0,0,0,0,0,0,0,0,0,0,0,0,0,0,0,0,0,0,0,0.0,0,0,0,0,0,0,0,1,TE,5.3
9.0,2015,1413,N.Foles,QB,STL,a,MIN,6.92,6300.0,2015110800,2015-11-08,00-0029567,33,18,168,0,0,0,0,1,2,0,2,0,0,0,0,0,0,0,0,0,0,0,0,0,0,0,0,0,0,0,0,0,0,0,0,0,0,0,0,0,0,0,0.0,0,0,0,0,0,0,0,1,QB,10.02
10.0,2015,4360,D.Walker,TE,TEN,h,CAR,6.7,5900.0,2015111503,2015-11-15,00-0024389,0,0,0,0,0,0,0,0,0,0,0,0,0,0,3,52,0,21,0,0,0,0,0,0,0,0,0,0,0,0,0,0,0,0,0,0,0,0,0,0,0,0,0.0,0,0,0,0,0,0,0,1,TE,5.6
3.0,2015,1301,M.Ryan,QB,ATL,a,DAL,23.1,8300.0,2015092700,2015-09-27,00-0026143,36,24,285,2,0,1,1,2,17,0,18,0,0,0,0,0,0,0,0,0,0,0,0,0,0,0,0,0,0,0,0,0,0,0,0,0,0,0,0,0,0,0,0.0,0,0,0,0,0,0,0,1,QB,18.14
7.0,2015,4585,L.Donnell,TE,NYG,h,DAL,3.8,5200.0,2015102510,2015-10-25,00-0028838,0,0,0,0,0,0,0,0,0,0,0,0,0,0,4,18,0,10,0,0,0,0,0,0,0,0,0,0,0,0,0,0,0,0,0,0,0,0,0,0,0,0,0.0,0,0,0,0,0,0,0,1,TE,4.0
14.0,2015,4401,G.Barnidge,TE,CLE,h,SF,16.9,6200.0,2015121310,2015-12-13,00-0026281,0,0,0,0,0,0,0,0,0,0,0,0,0,0,5,84,1,30,2,0,0,0,0,0,0,0,0,0,0,0,0,0,0,0,0,0,0,0,0,0,0,0,0.0,0,0,0,0,0,0,0,1,TE,11.0
10.0,2015,2960,A.Blue,RB,HOU,a,CIN,3.6,5900.0,2015111600,2015-11-16,00-0031075,0,0,0,0,0,0,0,12,22,0,5,0,0,0,1,9,0,9,0,0,0,0,0,0,0,0,0,0,0,0,0,0,0,0,0,0,0,0,0,0,0,0,0.0,0,0,0,0,0,0,0,1,RB,5.8
5.0,2015,6096,R.Gould,PK,CHI,a,KC,7.0,4700.0,2015101101,2015-10-11,00-0023252,0,0,0,0,0,0,0,0,0,0,0,0,0,0,0,0,0,0,0,0,0,0,0,0,0,0,0,0,0,0,0,2,2,44,6,0,0,0,0,0,0,0,0.0,0,0,0,0,0,0,0,1,K,8.0
9.0,2015,6211,C.Sturgis,PK,PHI,a,DAL,11.0,5000.0,2015110810,2015-11-08,00-0030390,0,0,0,0,0,0,0,0,0,0,0,0,0,0,0,0,0,0,0,0,0,0,0,0,0,0,0,0,0,0,0,2,2,53,6,3,0,3,0,3,0,0,0.0,0,0,0,0,0,0,0,1,K,8.0
16.0,2015,3754,P.Garcon,WR,WAS,a,PHI,17.5,5800.0,2015122600,2015-12-26,00-0026345,0,0,0,0,0,0,0,0,0,0,0,0,0,0,7,80,1,25,13,0,0,0,0,0,0,0,0,0,0,0,0,0,0,0,0,0,0,0,0,0,0,0,0.0,0,0,0,0,0,0,0,1,WR,4.7
12.0,2015,6208,K.Forbath,PK,NO,a,HOU,8.0,4600.0,2015112903,2015-11-29,00-0028787,0,0,0,0,0,0,0,0,0,0,0,0,0,0,0,0,0,0,0,0,0,0,0,0,0,0,0,0,0,0,0,2,2,57,6,0,0,0,0,0,0,0,0.0,0,0,0,0,0,0,0,1,K,9.0
6.0,2015,2927,B.Sankey,RB,TEN,h,MIA,2.5,5300.0,2015101806,2015-10-18,00-0031413,0,0,0,0,0,0,0,3,13,0,9,0,0,0,1,7,0,7,0,0,0,3,26,0,34,0,0,0,0,0,0,0,0,0,0,0,0,0,0,0,0,0,0.0,0,0,0,0,0,0,0,1,RB,4.1
13.0,2015,1450,R.Griffin,TE,HOU,a,BUF,10.4,4900.0,2015120601,2015-12-06,00-0030108,0,0,0,0,0,0,0,0,0,0,0,0,0,0,3,29,1,14,8,0,0,0,0,0,0,0,0,0,0,0,0,0,0,0,0,0,0,0,0,0,0,0,0.0,0,0,0,0,0,0,0,1,TE,2.8
5.0,2015,5168,M.Jones,WR,CIN,h,SEA,8.6,5300.0,2015101102,2015-10-11,00-0029293,0,0,0,0,0,0,0,0,0,0,0,0,0,0,5,61,0,44,0,0,0,0,0,0,0,0,0,0,0,0,0,0,0,0,0,0,0,0,0,0,0,0,0.0,0,0,0,0,0,0,0,1,WR,3.8
11.0,2015,1381,B.Gabbert,QB,SF,a,SEA,16.76,6000.0,2015112210,2015-11-22,00-0027948,34,22,264,1,0,0,0,4,22,0,10,0,0,0,0,0,0,0,0,0,0,0,0,0,0,0,0,0,0,0,0,0,0,0,0,0,0,0,0,0,0,0,0.0,0,0,0,0,0,0,0,1,QB,11.14
3.0,2015,2899,L.Murray,RB,OAK,a,CLE,21.4,7000.0,2015092708,2015-09-27,00-0030513,0,0,0,0,0,0,0,26,139,1,54,6,0,0,1,10,0,10,0,0,0,0,0,0,0,0,0,0,0,0,0,0,0,0,0,0,0,0,0,0,0,0,0.0,0,0,0,0,0,0,0,1,RB,9.3
4.0,2015,6211,C.Sturgis,PK,PHI,a,WAS,2.0,0.0,2015100405,2015-10-04,00-0030390,0,0,0,0,0,0,0,0,0,0,0,0,0,0,0,0,0,0,0,0,0,0,0,0,0,0,0,0,0,0,0,0,1,0,0,2,1,3,0,2,0,0,0.0,0,0,0,0,0,0,0,1,K,8.0
12.0,2015,6095,N.Novak,PK,HOU,h,NO,6.0,4500.0,2015112903,2015-11-29,00-0023096,0,0,0,0,0,0,0,0,0,0,0,0,0,0,0,0,0,0,0,0,0,0,0,0,0,0,0,0,0,0,0,1,1,34,3,3,0,3,0,3,0,0,0.0,0,0,0,0,0,0,0,1,K,9.0
10.0,2015,1207,C.Palmer,QB,ARI,a,SEA,21.32,8000.0,2015111511,2015-11-15,00-0021429,48,29,363,3,1,0,0,3,-2,0,0,0,0,0,0,0,0,0,0,0,0,0,0,0,0,0,0,0,0,0,0,0,0,0,0,0,0,0,0,0,0,0,0.0,0,0,2,0,0,0,2,1,QB,16.46
6.0,2015,5255,B.Cooks,WR,NO,h,ATL,6.1,7000.0,2015101500,2015-10-15,00-0031236,0,0,0,0,0,0,0,0,0,0,0,0,0,0,4,41,0,26,0,0,0,0,0,0,0,0,0,0,0,0,0,0,0,0,0,0,0,0,0,0,0,0,0.0,0,0,0,0,0,0,0,1,WR,13.2
6.0,2015,1442,B.Bortles,QB,JAC,h,HOU,25.94,7300.0,2015101807,2015-10-18,00-0031407,53,30,331,3,3,0,0,4,37,0,12,0,0,0,0,0,0,0,0,0,0,0,0,0,0,0,0,0,0,0,0,0,0,0,0,0,0,0,0,0,0,0,0.0,0,0,1,1,1,0,0,1,QB,17.08
6.0,2015,5410,J.Crowder,WR,WAS,a,NYJ,6.0,5500.0,2015101801,2015-10-18,00-0031941,1,0,0,0,0,0,0,0,0,0,0,0,0,0,4,40,0,18,0,0,0,0,0,0,0,0,0,0,0,0,0,0,0,0,0,0,0,0,0,0,0,0,0.0,0,0,0,0,0,0,0,1,WR,4.9
4.0,2015,2871,A.Morris,RB,WAS,h,PHI,7.5,6200.0,2015100405,2015-10-04,00-0029141,0,0,0,0,0,0,0,17,62,0,16,0,0,0,2,3,0,2,0,0,0,0,0,0,0,0,0,0,0,0,0,0,0,0,0,0,0,0,0,0,0,0,0.0,0,0,0,0,0,0,0,1,RB,5.2
1.0,2015,4533,J.Cameron,TE,MIA,a,WAS,9.3,5500.0,2015091303,2015-09-13,00-0028040,0,0,0,0,0,0,0,0,0,0,0,0,0,0,4,73,0,27,0,0,0,0,0,0,0,0,0,0,0,0,0,0,0,0,0,0,0,0,0,0,0,0,0.0,0,0,0,0,0,0,0,1,TE,11.3
11.0,2015,1441,D.Carr,QB,OAK,a,DET,7.56,7700.0,2015112201,2015-11-22,00-0031280,25,13,169,0,0,0,0,2,8,0,8,0,0,0,0,0,0,0,0,0,0,0,0,0,0,0,0,0,0,0,0,0,0,0,0,0,0,0,0,0,0,0,0.0,0,0,1,0,0,0,0,1,QB,17.92
2.0,2015,4582,T.Kelce,TE,KC,h,DEN,7.8,6600.0,2015091700,2015-09-17,00-0030506,0,0,0,0,0,0,0,0,0,0,0,0,0,0,4,58,0,29,0,0,0,0,0,0,0,0,0,0,0,0,0,0,0,0,0,0,0,0,0,0,0,0,0.0,0,0,0,0,0,0,0,1,TE,11.4
10.0,2015,4292,B.Watson,TE,NO,a,WAS,3.4,5500.0,2015111500,2015-11-15,00-0022943,0,0,0,0,0,0,0,0,0,0,0,0,0,0,3,19,0,8,0,0,0,0,0,0,0,0,0,0,0,0,0,0,0,0,0,0,0,0,0,0,0,0,0.0,0,0,0,0,0,0,0,1,TE,4.3
1.0,2015,2899,L.Murray,RB,OAK,h,CIN,11.5,7400.0,2015091310,2015-09-13,00-0030513,0,0,0,0,0,0,0,11,44,0,12,0,0,0,7,36,0,11,0,0,0,0,0,0,0,0,0,0,0,0,0,0,0,0,0,0,0,0,0,0,0,0,0.0,0,0,0,0,0,0,0,1,RB,8.1
6.0,2015,1415,K.Cousins,QB,WAS,a,NYJ,9.94,6200.0,2015101801,2015-10-18,00-0029604,43,25,196,1,2,0,0,1,1,0,1,0,0,0,0,0,0,0,0,0,0,0,0,0,0,0,0,0,0,0,0,0,0,0,0,0,0,0,0,0,0,0,0.0,0,0,0,0,0,0,0,1,QB,13.76
9.0,2015,6098,S.Gostkowski,PK,NE,h,WAS,9.0,5200.0,2015110802,2015-11-08,00-0024333,0,0,0,0,0,0,0,0,0,0,0,0,0,0,0,0,0,0,0,0,0,0,0,0,0,0,0,0,0,0,0,2,2,21,6,3,0,3,0,3,0,0,0.0,0,0,0,0,0,0,0,1,K,9.0
2.0,2015,1413,N.Foles,QB,STL,a,WAS,10.1,6500.0,2015092005,2015-09-20,00-0029567,32,17,150,1,0,0,0,1,1,0,1,0,0,0,0,0,0,0,0,0,0,0,0,0,0,0,0,0,0,0,0,0,0,0,0,0,0,0,0,0,0,0,0.0,0,0,1,1,1,0,0,1,QB,12.3
4.0,2015,4292,B.Watson,TE,NO,h,DAL,4.5,4600.0,2015100412,2015-10-04,00-0022943,0,0,0,0,0,0,0,0,0,0,0,0,0,0,3,30,0,21,0,0,0,0,0,0,0,0,0,0,0,0,0,0,0,0,0,0,0,0,0,0,0,0,0.0,0,0,0,0,0,0,0,1,TE,2.8
11.0,2015,6205,G.Zuerlein,PK,STL,a,BAL,1.0,4600.0,2015112208,2015-11-22,00-0029621,0,0,0,0,0,0,0,0,0,0,0,0,0,0,0,0,0,0,0,0,0,0,0,0,0,0,0,0,0,0,0,0,1,0,0,1,0,1,1,1,0,0,0.0,0,0,0,0,0,0,0,1,K,8.0
10.0,2015,4582,T.Kelce,TE,KC,a,DEN,6.1,5800.0,2015111510,2015-11-15,00-0030506,0,0,0,0,0,0,0,0,0,0,0,0,0,0,5,36,0,9,0,0,0,0,0,0,0,0,0,0,0,0,0,0,0,0,0,0,0,0,0,0,0,0,0.0,0,0,0,0,0,0,0,1,TE,5.4
13.0,2015,3983,E.Sanders,WR,DEN,a,SD,3.9,7300.0,2015120611,2015-12-06,00-0027685,0,0,0,0,0,0,0,1,5,0,5,0,0,0,3,19,0,9,0,0,0,0,0,0,0,0,0,0,0,0,0,0,0,0,0,0,0,0,0,0,0,0,0.0,0,0,0,0,0,0,0,1,WR,13.0
9.0,2015,2777,J.Starks,RB,GB,a,CAR,21.2,5800.0,2015110801,2015-11-08,00-0027791,0,0,0,0,0,0,0,10,39,0,15,0,0,0,6,83,1,30,29,0,0,0,0,0,0,0,0,0,0,0,0,0,0,0,0,0,0,0,0,0,0,0,0.0,0,0,0,0,0,0,0,1,RB,3.8
11.0,2015,2856,R.Hillman,RB,DEN,a,CHI,10.9,6200.0,2015112200,2015-11-22,00-0029683,0,0,0,0,0,0,0,21,102,0,15,0,0,0,1,2,0,2,0,0,0,0,0,0,0,0,0,0,0,0,0,0,0,0,0,0,0,0,0,0,0,0,0.0,0,0,0,0,0,0,0,1,RB,12.3
2.0,2015,5263,D.Adams,WR,GB,h,SEA,5.8,6400.0,2015092013,2015-09-20,00-0031381,0,0,0,0,0,0,0,0,0,0,0,0,0,0,5,33,0,13,0,0,0,0,0,0,0,0,0,0,0,0,0,0,0,0,0,0,0,0,0,0,0,0,0.0,0,0,0,0,0,0,0,1,WR,5.6
1.0,2015,4551,D.Allen,TE,IND,a,BUF,9.2,5400.0,2015091304,2015-09-13,00-0029689,0,0,0,0,0,0,0,0,0,0,0,0,0,0,3,17,1,8,6,0,0,0,0,0,0,0,0,0,0,0,0,0,0,0,0,0,0,0,0,0,0,0,0.0,0,0,0,0,0,0,0,1,TE,2.6
14.0,2015,3902,E.Decker,WR,NYJ,h,TEN,16.9,7300.0,2015121301,2015-12-13,00-0027690,0,0,0,0,0,0,0,0,0,0,0,0,0,0,7,74,1,20,16,0,0,0,0,0,0,0,1,11,0,11,0,0,0,0,0,0,0,0,0,0,0,0,0.0,0,0,0,0,0,0,0,1,WR,12.7
8.0,2015,6120,N.Folk,PK,NYJ,a,OAK,9.0,4600.0,2015110109,2015-11-01,00-0025565,0,0,0,0,0,0,0,0,0,0,0,0,0,0,0,0,0,0,0,0,0,0,0,0,0,0,0,0,0,0,0,2,2,40,6,2,0,2,0,2,0,0,0.0,0,0,0,0,0,0,0,1,K,8.0
15.0,2015,2484,D.Sproles,RB,PHI,h,ARI,4.0,5600.0,2015122001,2015-12-20,00-0023564,0,0,0,0,0,0,0,6,9,0,3,0,0,0,3,16,0,6,0,0,0,0,0,0,0,0,2,6,0,6,0,0,0,0,0,0,0,0,0,0,0,0,0.0,0,0,0,0,0,0,0,1,RB,5.8
8.0,2015,6237,A.Franks,PK,MIA,a,NE,1.0,4500.0,2015102900,2015-10-29,00-0031718,0,0,0,0,0,0,0,0,0,0,0,0,0,0,0,0,0,0,0,0,0,0,0,0,0,0,0,0,0,0,0,0,1,0,0,1,0,1,0,1,0,0,0.0,0,0,0,0,0,0,0,1,K,8.0
4.0,2015,1301,M.Ryan,QB,ATL,h,HOU,14.14,8400.0,2015100402,2015-10-04,00-0026143,27,19,256,1,0,0,0,1,-1,0,-1,0,0,0,0,0,0,0,0,0,0,0,0,0,0,0,0,0,0,0,0,0,0,0,0,0,0,0,0,0,0,0,0.0,0,0,0,0,0,0,0,1,QB,17.88
11.0,2015,1233,T.Romo,QB,DAL,a,MIA,15.28,8000.0,2015112207,2015-11-22,00-0021678,28,18,227,2,2,0,0,2,2,0,3,0,0,0,0,0,0,0,0,0,0,0,0,0,0,0,0,0,0,0,0,0,0,0,0,0,0,0,0,0,0,0,0.0,0,0,0,0,0,0,0,1,QB,17.06
1.0,2015,5258,A.Robinson,WR,JAC,h,CAR,3.2,6100.0,2015091302,2015-09-13,00-0031428,0,0,0,0,0,0,0,0,0,0,0,0,0,0,1,27,0,27,0,0,0,0,0,0,0,0,0,0,0,0,0,0,0,0,0,0,0,0,0,0,0,0,0.0,0,0,0,0,0,0,0,1,WR,6.3
10.0,2015,1413,N.Foles,QB,STL,h,CHI,7.0,6400.0,2015111504,2015-11-15,00-0029567,36,17,200,0,1,0,0,0,0,0,0,0,0,0,0,0,0,0,0,0,0,0,0,0,0,0,0,0,0,0,0,0,0,0,0,0,0,0,0,0,0,0,0.0,0,0,0,0,0,0,0,1,QB,14.04
2.0,2015,6016,P.Dawson,PK,SF,a,PIT,5.0,5000.0,2015092009,2015-09-20,00-0004091,0,0,0,0,0,0,0,0,0,0,0,0,0,0,0,0,0,0,0,0,0,0,0,0,0,0,0,0,0,0,0,1,1,47,3,1,0,1,0,1,0,0,0.0,0,0,0,0,0,0,0,1,K,8.0
10.0,2015,1466,M.Mariota,QB,TEN,h,CAR,8.8,7300.0,2015111503,2015-11-15,00-0032268,24,16,185,0,1,0,0,5,24,0,10,0,0,0,0,0,0,0,0,0,0,0,0,0,0,0,0,0,0,0,0,0,0,0,0,0,0,0,0,0,0,0,0.0,0,0,2,1,1,-10,0,1,QB,16.68
14.0,2015,5153,A.Jeffery,WR,CHI,h,WAS,19.7,7500.0,2015121306,2015-12-13,00-0029137,0,0,0,0,0,0,0,0,0,0,0,0,0,0,6,107,1,50,20,0,0,0,0,0,0,0,0,0,0,0,0,0,0,0,0,0,0,0,0,0,0,0,0.0,0,0,0,0,0,0,0,1,WR,14.3
16.0,2015,4651,C.Walford,TE,OAK,h,SD,2.7,4800.0,2015122400,2015-12-24,00-0032256,0,0,0,0,0,0,0,0,0,0,0,0,0,0,1,22,0,22,0,0,0,0,0,0,0,0,0,0,0,0,0,0,0,0,0,0,0,0,0,0,0,0,0.0,0,0,0,0,0,0,0,1,TE,3.0
10.0,2015,6096,R.Gould,PK,CHI,a,STL,13.0,4600.0,2015111504,2015-11-15,00-0023252,0,0,0,0,0,0,0,0,0,0,0,0,0,0,0,0,0,0,0,0,0,0,0,0,0,0,0,0,0,0,0,3,3,37,9,4,0,4,0,4,0,0,0.0,0,0,0,0,0,0,0,1,K,7.0
2.0,2015,2991,M.Gordon,RB,SD,a,CIN,10.3,6500.0,2015092002,2015-09-20,00-0032144,0,0,0,0,0,0,0,16,88,0,27,0,0,0,1,10,0,10,0,0,0,0,0,0,0,0,0,0,0,0,0,0,0,0,0,0,0,0,0,0,0,0,0.0,0,0,0,0,0,0,0,1,RB,7.5
9.0,2015,5367,M.Bryant,WR,PIT,h,OAK,10.6,6900.0,2015110806,2015-11-08,00-0031373,0,0,0,0,0,0,0,0,0,0,0,0,0,0,3,31,1,15,14,0,0,0,0,0,0,0,0,0,0,0,0,0,0,0,0,0,0,0,0,0,0,0,0.0,0,0,0,0,0,0,0,1,WR,12.4
2.0,2015,5125,R.Cobb,WR,GB,h,SEA,15.6,8200.0,2015092013,2015-09-20,00-0028002,0,0,0,0,0,0,0,0,0,0,0,0,0,0,8,116,0,25,0,0,0,0,0,0,0,0,0,0,0,0,0,0,0,0,0,0,0,0,0,0,0,0,0.0,0,0,0,0,0,0,0,1,WR,7.1
6.0,2015,2930,D.Freeman,RB,ATL,a,NO,31.6,8000.0,2015101500,2015-10-15,00-0031285,0,0,0,0,0,0,0,13,100,1,25,25,0,0,8,56,1,13,13,0,0,0,0,0,0,0,0,0,0,0,0,0,0,0,0,0,0,0,0,0,0,0,0.0,0,0,0,0,0,0,0,1,RB,17.6
11.0,2015,2881,J.Grimes,RB,HOU,h,NYJ,8.0,5300.0,2015112203,2015-11-22,00-0029510,0,0,0,0,0,0,0,6,37,0,13,0,0,0,3,28,0,19,0,0,0,0,0,0,0,0,0,0,0,0,0,0,0,0,0,0,0,0,0,0,0,0,0.0,0,0,0,0,0,0,0,1,RB,3.0
9.0,2015,1441,D.Carr,QB,OAK,a,PIT,27.34,7000.0,2015110806,2015-11-08,00-0031280,44,24,301,4,1,0,0,2,3,0,4,0,0,0,0,0,0,0,0,0,0,0,0,0,0,0,0,0,0,0,0,0,0,0,0,0,0,0,0,0,0,0,0.0,0,0,0,0,0,0,0,1,QB,16.96
2.0,2015,3474,A.Brown,WR,PIT,h,SF,32.0,9200.0,2015092009,2015-09-20,00-0027793,0,0,0,0,0,0,0,0,0,0,0,0,0,0,9,195,1,59,7,1,1,0,0,0,0,0,1,16,0,16,0,0,0,0,0,0,0,0,0,0,0,0,0.0,0,0,0,0,0,0,0,1,WR,15.8
4.0,2015,1439,T.Bridgewater,QB,MIN,a,DEN,15.06,6500.0,2015100411,2015-10-04,00-0031237,41,27,269,1,0,0,0,3,23,0,11,0,0,0,0,0,0,0,0,0,0,0,0,0,0,0,0,0,0,0,0,0,0,0,0,0,0,0,0,0,0,0,0.0,0,0,1,0,0,0,1,1,QB,11.9
14.0,2015,5136,D.Baldwin,WR,SEA,a,BAL,29.2,6800.0,2015121313,2015-12-13,00-0028434,0,0,0,0,0,0,0,0,0,0,0,0,0,0,6,82,3,22,22,0,0,0,0,0,0,0,0,0,0,0,0,0,0,0,0,0,0,0,0,0,0,0,0.0,0,0,0,0,0,0,0,1,WR,12.1
15.0,2015,5341,A.Hurns,WR,JAC,h,ATL,5.4,7000.0,2015122003,2015-12-20,00-0030821,0,0,0,0,0,0,0,0,0,0,0,0,0,0,2,44,0,22,0,0,0,0,0,0,0,0,0,0,0,0,0,0,0,0,0,0,0,0,0,0,0,0,0.0,0,0,0,1,1,0,0,1,WR,12.1
5.0,2015,1254,A.Smith,QB,KC,h,CHI,13.34,6900.0,2015101101,2015-10-11,00-0023436,30,16,181,1,0,0,0,3,21,0,8,0,0,0,0,0,0,0,0,0,0,0,0,0,0,0,0,0,0,0,0,0,0,0,0,0,0,0,0,0,0,0,0.0,0,0,0,0,0,0,0,1,QB,17.48
10.0,2015,1252,A.Rodgers,QB,GB,h,DET,22.12,9200.0,2015111501,2015-11-15,00-0023459,61,35,333,2,0,1,0,2,8,0,9,0,0,0,0,0,0,0,0,0,0,0,0,0,0,0,0,0,0,0,0,0,0,0,0,0,0,0,0,0,0,0,0.0,0,0,0,0,0,0,0,1,QB,23.12
3.0,2015,2777,J.Starks,RB,GB,h,KC,5.6,6500.0,2015092800,2015-09-28,00-0027791,0,0,0,0,0,0,0,17,32,0,11,0,0,0,1,19,0,19,0,0,0,0,0,0,0,0,0,0,0,0,0,0,0,0,0,0,0,0,0,0,0,0,0.0,0,0,0,0,0,0,0,1,RB,4.9
9.0,2015,4569,Z.Ertz,TE,PHI,a,DAL,6.9,5000.0,2015110810,2015-11-08,00-0030061,0,0,0,0,0,0,0,0,0,0,0,0,0,0,5,44,0,27,0,0,0,0,0,0,0,0,0,0,0,0,0,0,0,0,0,0,0,0,0,0,0,0,0.0,0,0,0,0,0,0,0,1,TE,4.9
6.0,2015,5370,J.Allen,RB,BAL,a,SF,2.6,5100.0,2015101810,2015-10-18,00-0031577,0,0,0,0,0,0,0,4,13,0,8,0,0,0,1,8,0,8,0,0,0,0,0,0,0,0,0,0,0,0,0,0,0,0,0,0,0,0,0,0,0,0,0.0,0,0,0,0,0,0,0,1,RB,3.5
12.0,2015,4543,C.Clay,TE,BUF,a,KC,5.6,5300.0,2015112908,2015-11-29,00-0028112,0,0,0,0,0,0,0,0,0,0,0,0,0,0,5,31,0,15,0,0,0,0,0,0,0,0,0,0,0,0,0,0,0,0,0,0,0,0,0,0,0,0,0.0,0,0,0,0,0,0,0,1,TE,3.5
15.0,2015,5254,J.Matthews,WR,PHI,h,ARI,25.9,6100.0,2015122001,2015-12-20,00-0031299,0,0,0,0,0,0,0,0,0,0,0,0,0,0,8,159,1,78,78,0,0,0,0,0,0,0,0,0,0,0,0,0,0,0,0,0,0,0,0,0,0,0,0.0,0,0,0,0,0,0,0,1,WR,4.4
16.0,2015,4670,W.Tye,TE,NYG,a,MIN,4.3,5100.0,2015122706,2015-12-27,00-0032004,0,0,0,0,0,0,0,0,0,0,0,0,0,0,3,28,0,14,0,0,0,0,0,0,0,0,0,0,0,0,0,0,0,0,0,0,0,0,0,0,0,0,0.0,0,0,0,0,0,0,0,1,TE,10.1
14.0,2015,2858,D.Martin,RB,TB,h,NO,15.1,8000.0,2015121308,2015-12-13,00-0029613,0,0,0,0,0,0,0,11,81,1,24,14,0,0,1,5,0,5,0,0,0,0,0,0,0,0,0,0,0,0,0,0,0,0,0,0,0,0,0,0,0,0,0.0,0,0,0,0,0,0,0,1,RB,16.6
6.0,2015,1410,R.Tannehill,QB,MIA,a,TEN,18.04,7700.0,2015101806,2015-10-18,00-0029701,29,22,266,2,2,0,0,2,14,0,10,0,0,0,0,0,0,0,0,0,0,0,0,0,0,0,0,0,0,0,0,0,0,0,0,0,0,0,0,0,0,0,0.0,0,0,0,0,0,0,0,1,QB,17.0
1.0,2015,1233,T.Romo,QB,DAL,h,NYG,24.14,8700.0,2015091312,2015-09-13,00-0021678,45,36,356,3,2,0,0,1,-1,0,-1,0,0,0,0,0,0,0,0,0,0,0,0,0,0,0,0,0,0,0,0,0,0,0,0,0,0,0,0,0,0,0,0.0,0,0,0,1,1,0,0,1,QB,17.18
16.0,2015,3946,B.LaFell,WR,NE,a,NYJ,3.3,6300.0,2015122702,2015-12-27,00-0027681,0,0,0,0,0,0,0,1,9,0,9,0,0,0,1,19,0,19,0,0,0,0,0,0,0,0,0,0,0,0,0,0,0,0,0,0,0,0,0,0,0,0,0.0,0,0,0,0,0,0,0,1,WR,12.0
16.0,2015,6048,S.Janikowski,PK,OAK,h,SD,9.0,4700.0,2015122400,2015-12-24,00-0019646,0,0,0,0,0,0,0,0,0,0,0,0,0,0,0,0,0,0,0,0,0,0,0,0,0,0,0,0,0,0,0,2,2,50,6,1,0,1,0,1,0,0,0.0,0,0,0,0,0,0,0,1,K,6.0
2.0,2015,3802,P.Harvin,WR,BUF,h,NE,7.4,5700.0,2015092001,2015-09-20,00-0026998,0,0,0,0,0,0,0,1,7,0,7,0,1,0,4,47,0,25,0,1,0,2,22,0,25,0,0,0,0,0,0,0,0,0,0,0,0,0,0,0,0,0,0.0,0,0,1,0,0,0,0,1,WR,5.5
4.0,2015,6104,M.Crosby,PK,GB,a,SF,5.0,5000.0,2015100409,2015-10-04,00-0025580,0,0,0,0,0,0,0,0,0,0,0,0,0,0,0,0,0,0,0,0,0,0,0,0,0,0,0,0,0,0,0,1,2,31,3,2,0,2,0,2,0,0,0.0,0,0,0,0,0,0,0,1,K,9.0
11.0,2015,5370,J.Allen,RB,BAL,h,STL,14.0,4900.0,2015112208,2015-11-22,00-0031577,0,0,0,0,0,0,0,22,67,0,17,0,0,0,5,48,0,14,0,0,0,0,0,0,0,0,0,0,0,0,0,0,0,0,0,0,0,0,0,0,0,0,0.0,0,0,0,0,0,0,0,1,RB,3.0
4.0,2015,4401,G.Barnidge,TE,CLE,a,SD,16.5,5000.0,2015100408,2015-10-04,00-0026281,0,0,0,0,0,0,0,0,0,0,0,0,0,0,6,75,1,27,1,0,0,0,0,0,0,0,0,0,0,0,0,0,0,0,0,0,0,0,0,0,0,0,0.0,0,0,0,0,0,0,0,1,TE,2.8
3.0,2015,4582,T.Kelce,TE,KC,a,GB,13.0,6400.0,2015092800,2015-09-28,00-0030506,0,0,0,0,0,0,0,0,0,0,0,0,0,0,6,80,0,38,0,1,1,0,0,0,0,0,0,0,0,0,0,0,0,0,0,0,0,0,0,0,0,0,0.0,0,0,0,0,0,0,0,1,TE,11.4
13.0,2015,6224,C.Santos,PK,KC,a,OAK,2.0,4800.0,2015120610,2015-12-06,00-0031203,0,0,0,0,0,0,0,0,0,0,0,0,0,0,0,0,0,0,0,0,0,0,0,0,0,0,0,0,0,0,0,0,0,0,0,2,1,3,0,2,0,0,0.0,0,0,0,0,0,0,0,1,K,8.0
5.0,2015,2907,T.Riddick,RB,DET,h,ARI,16.3,5000.0,2015101108,2015-10-11,00-0030107,0,0,0,0,0,0,0,0,0,0,0,0,0,0,10,53,1,20,6,0,0,0,0,0,0,0,0,0,0,0,0,0,0,0,0,0,0,0,0,0,0,0,0.0,0,0,0,0,0,0,0,1,RB,3.8
10.0,2015,4262,J.Witten,TE,DAL,a,TB,6.7,5600.0,2015111502,2015-11-15,00-0022127,0,0,0,0,0,0,0,0,0,0,0,0,0,0,5,42,0,24,0,0,0,0,0,0,0,0,0,0,0,0,0,0,0,0,0,0,0,0,0,0,0,0,0.0,0,0,0,0,0,0,0,1,TE,4.9
5.0,2015,5258,A.Robinson,WR,JAC,a,TB,22.7,6300.0,2015101104,2015-10-11,00-0031428,0,0,0,0,0,0,0,0,0,0,0,0,0,0,7,72,2,21,13,0,0,0,0,0,0,0,0,0,0,0,0,0,0,0,0,0,0,0,0,0,0,0,0.0,0,0,0,0,0,0,0,1,WR,12.8
16.0,2015,5216,T.Williams,WR,DAL,a,BUF,8.2,4800.0,2015122709,2015-12-27,00-0030542,0,0,0,0,0,0,0,0,0,0,0,0,0,0,4,62,0,22,0,0,0,0,0,0,0,0,0,0,0,0,0,0,0,0,0,0,0,0,0,0,0,0,0.0,0,0,0,0,0,0,0,1,WR,4.5
4.0,2015,1413,N.Foles,QB,STL,a,ARI,18.74,6300.0,2015100410,2015-10-04,00-0029567,24,16,171,3,0,0,0,1,-1,0,-1,0,0,0,0,0,0,0,0,0,0,0,0,0,0,0,0,0,0,0,0,0,0,0,0,0,0,0,0,0,0,0,0.0,0,0,0,0,0,0,0,1,QB,11.5
15.0,2015,4573,J.Reed,TE,WAS,h,BUF,23.9,6300.0,2015122007,2015-12-20,00-0030472,0,0,0,0,0,0,0,0,0,0,0,0,0,0,7,84,2,24,18,0,0,0,0,0,0,0,0,0,0,0,0,0,0,0,0,0,0,0,0,0,0,0,0.0,0,0,0,0,0,0,0,1,TE,11.8
16.0,2015,6211,C.Sturgis,PK,PHI,h,WAS,6.0,4700.0,2015122600,2015-12-26,00-0030390,0,0,0,0,0,0,0,0,0,0,0,0,0,0,0,0,0,0,0,0,0,0,0,0,0,0,0,0,0,0,0,1,1,34,3,3,0,3,0,3,0,0,0.0,0,0,0,0,0,0,0,1,K,8.0
11.0,2015,2928,J.Hill,RB,CIN,a,ARI,16.5,6500.0,2015112209,2015-11-22,00-0031301,0,0,0,0,0,0,0,13,45,2,9,2,0,0,0,0,0,0,0,0,0,0,0,0,0,0,0,0,0,0,0,0,0,0,0,0,0,0,0,0,0,0,0.0,0,0,0,0,0,0,0,1,RB,5.3
9.0,2015,1404,C.Kaepernick,QB,SF,h,ATL,0.0,6500.0,2015110808,2015-11-08,00-0027974,1,0,0,0,0,0,0,0,0,0,0,0,0,0,0,0,0,0,0,0,0,0,0,0,0,0,0,0,0,0,0,0,0,0,0,0,0,0,0,0,0,0,0.0,0,0,0,0,0,0,0,1,QB,6.82
11.0,2015,2996,D.Cobb,RB,TEN,a,JAC,-0.3,4600.0,2015111900,2015-11-19,00-0032133,0,0,0,0,0,0,0,4,-3,0,2,0,0,0,0,0,0,0,0,0,0,0,0,0,0,0,0,0,0,0,0,0,0,0,0,0,0,0,0,0,0,0,0.0,0,0,0,0,0,0,0,1,RB,2.6
11.0,2015,4335,O.Daniels,TE,DEN,a,CHI,8.9,5000.0,2015112200,2015-11-22,00-0024313,0,0,0,0,0,0,0,0,0,0,0,0,0,0,4,69,0,31,0,0,0,0,0,0,0,0,0,0,0,0,0,0,0,0,0,0,0,0,0,0,0,0,0.0,0,0,0,0,0,0,0,1,TE,8.2
15.0,2015,4401,G.Barnidge,TE,CLE,a,SEA,10.4,6400.0,2015122008,2015-12-20,00-0026281,0,0,0,0,0,0,0,0,0,0,0,0,0,0,3,29,1,12,7,0,0,0,0,0,0,0,0,0,0,0,0,0,0,0,0,0,0,0,0,0,0,0,0.0,0,0,0,0,0,0,0,1,TE,12.3
16.0,2015,2928,J.Hill,RB,CIN,a,DEN,7.1,6100.0,2015122800,2015-12-28,00-0031301,0,0,0,0,0,0,0,19,63,0,14,0,0,0,2,-2,0,2,0,0,0,0,0,0,0,0,0,0,0,0,0,0,0,0,0,0,0,0,0,0,0,0,0.0,0,0,0,0,0,0,0,1,RB,11.5
15.0,2015,5199,T.Austin,WR,STL,h,TB,20.8,5900.0,2015121700,2015-12-17,00-0030525,0,0,0,0,0,0,0,4,32,1,21,21,0,0,3,41,1,17,17,0,0,0,0,0,0,0,0,0,0,0,0,0,0,0,0,0,0,0,0,0,0,0,0.0,0,0,0,0,0,0,0,1,WR,5.4
1.0,2015,3474,A.Brown,WR,PIT,a,NE,23.8,9300.0,2015091000,2015-09-10,00-0027793,0,0,0,0,0,0,0,0,0,0,0,0,0,0,9,133,1,37,11,0,0,0,0,0,0,0,1,3,0,3,0,0,0,0,0,0,0,0,0,0,0,0,0.0,0,0,0,0,0,0,0,1,WR,16.5
12.0,2015,4601,E.Ebron,TE,DET,h,PHI,3.8,5100.0,2015112600,2015-11-26,00-0031387,0,0,0,0,0,0,0,0,0,0,0,0,0,0,2,28,0,19,0,0,0,0,0,0,0,0,0,0,0,0,0,0,0,0,0,0,0,0,0,0,0,0,0.0,0,0,0,0,0,0,0,1,TE,3.8
5.0,2015,2721,L.Blount,RB,NE,a,DAL,7.4,6200.0,2015101109,2015-10-11,00-0027325,0,0,0,0,0,0,0,13,74,0,34,0,0,0,0,0,0,0,0,0,0,0,0,0,0,0,0,0,0,0,0,0,0,0,0,0,0,0,0,0,0,0,0.0,0,0,0,0,0,0,0,1,RB,11.0
4.0,2015,5253,M.Evans,WR,TB,h,CAR,4.7,7500.0,2015100406,2015-10-04,00-0031408,0,0,0,0,0,0,0,0,0,0,0,0,0,0,3,32,0,21,0,0,0,0,0,0,0,0,0,0,0,0,0,0,0,0,0,0,0,0,0,0,0,0,0.0,0,0,0,0,0,0,0,1,WR,13.0
15.0,2015,1435,C.Keenum,QB,STL,h,TB,17.06,6000.0,2015121700,2015-12-17,00-0028986,17,14,234,2,0,0,0,3,-3,0,-1,0,0,0,0,0,0,0,0,0,0,0,0,0,0,0,0,0,0,0,0,0,0,0,0,0,0,0,0,0,0,0,0.0,0,0,0,0,0,0,0,1,QB,9.92
10.0,2015,4568,T.Eifert,TE,CIN,h,HOU,4.1,6200.0,2015111600,2015-11-16,00-0030549,0,0,0,0,0,0,0,0,0,0,0,0,0,0,3,26,0,14,0,0,0,0,0,0,0,0,0,0,0,0,0,0,0,0,0,0,0,0,0,0,0,0,0.0,0,0,0,0,0,0,0,1,TE,11.2
3.0,2015,3830,J.Maclin,WR,KC,a,GB,24.1,6500.0,2015092800,2015-09-28,00-0026995,0,0,0,0,0,0,0,0,0,0,0,0,0,0,8,141,1,61,5,0,0,0,0,0,0,0,0,0,0,0,0,0,0,0,0,0,0,0,0,0,0,0,0.0,0,0,0,0,0,0,0,1,WR,6.6
16.0,2015,6166,C.Barth,PK,TB,h,CHI,3.0,4700.0,2015122708,2015-12-27,00-0026138,0,0,0,0,0,0,0,0,0,0,0,0,0,0,0,0,0,0,0,0,0,0,0,0,0,0,0,0,0,0,0,0,1,0,0,3,0,3,0,3,0,0,0.0,0,0,0,0,0,0,0,1,K,8.0
1.0,2015,4407,M.Bennett,TE,CHI,h,GB,14.0,6200.0,2015091300,2015-09-13,00-0026201,0,0,0,0,0,0,0,0,0,0,0,0,0,0,5,55,1,24,24,0,0,0,0,0,0,0,0,0,0,0,0,0,0,0,0,0,0,0,0,0,0,0,0.0,0,0,0,0,0,0,0,1,TE,11.1
11.0,2015,4360,D.Walker,TE,TEN,a,JAC,14.9,5700.0,2015111900,2015-11-19,00-0024389,0,0,0,0,0,0,0,0,0,0,0,0,0,0,8,109,0,29,0,0,0,0,0,0,0,0,0,0,0,0,0,0,0,0,0,0,0,0,0,0,0,0,0.0,0,0,0,0,0,0,0,1,TE,5.3
6.0,2015,4324,M.Lewis,TE,JAC,h,HOU,1.3,4700.0,2015101807,2015-10-18,00-0024243,0,0,0,0,0,0,0,0,0,0,0,0,0,0,1,8,0,8,0,0,0,0,0,0,0,0,0,0,0,0,0,0,0,0,0,0,0,0,0,0,0,0,0.0,0,0,0,0,0,0,0,1,TE,1.9
9.0,2015,4572,V.McDonald,TE,SF,h,ATL,2.9,4600.0,2015110808,2015-11-08,00-0030470,0,0,0,0,0,0,0,0,0,0,0,0,0,0,2,19,0,13,0,0,0,0,0,0,0,0,0,0,0,0,0,0,0,0,0,0,0,0,0,0,0,0,0.0,0,0,0,0,0,0,0,1,TE,2.4
12.0,2015,6237,A.Franks,PK,MIA,a,NYJ,2.0,4700.0,2015112905,2015-11-29,00-0031718,0,0,0,0,0,0,0,0,0,0,0,0,0,0,0,0,0,0,0,0,0,0,0,0,0,0,0,0,0,0,0,0,0,0,0,2,1,3,0,2,0,0,0.0,0,0,0,0,0,0,0,1,K,5.0
16.0,2015,2603,D.McFadden,RB,DAL,a,BUF,10.3,7000.0,2015122709,2015-12-27,00-0026144,0,0,0,0,0,0,0,19,99,0,28,0,0,0,1,-1,0,-1,0,0,0,0,0,0,0,0,0,0,0,0,0,0,0,0,0,0,0,0,0,0,0,0,0.0,0,0,0,0,0,0,0,1,RB,8.9
1.0,2015,5125,R.Cobb,WR,GB,a,CHI,12.3,8400.0,2015091300,2015-09-13,00-0028002,0,0,0,0,0,0,0,0,0,0,0,0,0,0,5,38,1,10,5,0,0,0,0,0,0,0,0,0,0,0,0,0,0,0,0,0,0,0,0,0,0,0,0.0,0,0,0,0,0,0,0,1,WR,15.1
10.0,2015,3670,T.Ginn,WR,CAR,a,TEN,6.5,5100.0,2015111503,2015-11-15,00-0025396,0,0,0,0,0,0,0,0,0,0,0,0,0,0,4,45,0,19,0,0,0,0,0,0,0,0,4,15,0,23,0,0,0,0,0,0,0,0,0,0,0,0,0.0,0,0,0,0,0,0,0,1,WR,4.7
15.0,2015,3627,B.Marshall,WR,NYJ,a,DAL,9.4,8500.0,2015121900,2015-12-19,00-0024334,0,0,0,0,0,0,0,0,0,0,0,0,0,0,4,74,0,25,0,0,0,0,0,0,0,0,0,0,0,0,0,0,0,0,0,0,0,0,0,0,0,0,0.0,0,0,0,0,0,0,0,1,WR,14.0
4.0,2015,6233,J.Lambo,PK,SD,h,CLE,14.0,4500.0,2015100408,2015-10-04,00-0032087,0,0,0,0,0,0,0,0,0,0,0,0,0,0,0,0,0,0,0,0,0,0,0,0,0,0,0,0,0,0,0,3,3,46,9,3,0,3,0,3,0,0,0.0,0,0,0,0,0,0,0,1,K,8.0
10.0,2015,1441,D.Carr,QB,OAK,h,MIN,19.28,7500.0,2015111508,2015-11-15,00-0031280,43,29,302,2,2,0,0,2,12,0,11,0,0,0,0,0,0,0,0,0,0,0,0,0,0,0,0,0,0,0,0,0,0,0,0,0,0,0,0,0,0,0,0.0,0,0,0,0,0,0,0,1,QB,17.04
3.0,2015,4543,C.Clay,TE,BUF,a,MIA,16.7,4900.0,2015092712,2015-09-27,00-0028112,0,0,0,0,0,0,0,0,0,0,0,0,0,0,5,82,1,25,25,0,0,0,0,0,0,0,0,0,0,0,0,0,0,0,0,0,0,0,0,0,0,0,0.0,0,0,0,0,0,0,0,1,TE,3.3
2.0,2015,2995,A.Abdullah,RB,DET,a,MIN,2.3,6400.0,2015092007,2015-09-20,00-0032104,0,0,0,0,0,0,0,6,9,0,7,0,0,0,1,9,0,9,0,0,0,3,28,0,32,0,0,0,0,0,0,0,0,0,0,0,0,0,0,0,0,0,0.0,0,0,0,0,0,0,0,1,RB,14.1
15.0,2015,1381,B.Gabbert,QB,SF,h,CIN,13.8,6300.0,2015122012,2015-12-20,00-0027948,50,30,295,1,3,0,0,2,10,0,6,0,0,0,0,0,0,0,0,0,0,0,0,0,0,0,0,0,0,0,0,0,0,0,0,0,0,0,0,0,0,0,0.0,0,0,0,0,0,0,0,1,QB,16.24
15.0,2015,6232,T.Coons,PK,CLE,a,SEA,7.0,4500.0,2015122008,2015-12-20,00-0031112,0,0,0,0,0,0,0,0,0,0,0,0,0,0,0,0,0,0,0,0,0,0,0,0,0,0,0,0,0,0,0,2,2,37,6,1,0,1,0,1,0,0,0.0,0,0,0,0,0,0,0,1,K,4.0
9.0,2015,3809,M.Wallace,WR,MIN,h,STL,0.9,5300.0,2015110800,2015-11-08,00-0026901,0,0,0,0,0,0,0,0,0,0,0,0,0,0,1,4,0,4,0,0,0,0,0,0,0,0,0,0,0,0,0,0,0,0,0,0,0,0,0,0,0,0,0.0,0,0,0,0,0,0,0,1,WR,4.5
6.0,2015,6071,M.Bryant,PK,ATL,a,NO,3.0,4900.0,2015101500,2015-10-15,00-0020578,0,0,0,0,0,0,0,0,0,0,0,0,0,0,0,0,0,0,0,0,0,0,0,0,0,0,0,0,0,0,0,0,0,0,0,3,0,3,0,3,0,0,0.0,0,0,0,0,0,0,0,1,K,9.0
10.0,2015,4401,G.Barnidge,TE,CLE,a,PIT,15.5,6100.0,2015111507,2015-11-15,00-0026281,0,0,0,0,0,0,0,0,0,0,0,0,0,0,6,65,1,18,7,0,0,0,0,0,0,0,0,0,0,0,0,0,0,0,0,0,0,0,0,0,0,0,0.0,0,0,0,0,0,0,0,1,TE,11.6
4.0,2015,6227,B.McManus,PK,DEN,h,MIN,12.0,4900.0,2015100411,2015-10-04,00-0029822,0,0,0,0,0,0,0,0,0,0,0,0,0,0,0,0,0,0,0,0,0,0,0,0,0,0,0,0,0,0,0,3,3,47,9,2,0,2,0,2,0,0,0.0,0,0,0,0,0,0,0,1,K,8.0
14.0,2015,6104,M.Crosby,PK,GB,h,DAL,4.0,4700.0,2015121312,2015-12-13,00-0025580,0,0,0,0,0,0,0,0,0,0,0,0,0,0,0,0,0,0,0,0,0,0,0,0,0,0,0,0,0,0,0,0,0,0,0,4,0,4,0,4,0,0,0.0,0,0,0,0,0,0,0,1,K,8.0
14.0,2015,5341,A.Hurns,WR,JAC,h,IND,18.0,6600.0,2015121304,2015-12-13,00-0030821,0,0,0,0,0,0,0,0,0,0,0,0,0,0,3,105,1,80,80,0,0,0,0,0,0,0,0,0,0,0,0,0,0,0,0,0,0,0,0,0,0,0,0.0,0,0,0,0,0,0,0,1,WR,12.1
6.0,2015,1263,J.Cutler,QB,CHI,a,DET,20.32,7500.0,2015101800,2015-10-18,00-0024226,41,26,353,1,1,1,1,2,12,0,10,0,0,0,0,0,0,0,0,0,0,0,0,0,0,0,0,0,0,0,0,0,0,0,0,0,0,0,0,0,0,0,0.0,0,0,0,0,0,0,0,1,QB,16.9
6.0,2015,1254,A.Smith,QB,KC,a,MIN,16.28,7000.0,2015101803,2015-10-18,00-0023436,37,22,282,1,0,0,0,2,10,0,7,0,0,0,0,0,0,0,0,0,0,0,0,0,0,0,0,0,0,0,0,0,0,0,0,0,0,0,0,0,0,0,0.0,0,0,0,0,0,0,0,1,QB,17.22
3.0,2015,2930,D.Freeman,RB,ATL,a,DAL,39.8,6500.0,2015092700,2015-09-27,00-0031285,0,0,0,0,0,0,0,30,141,3,17,7,0,0,5,52,0,35,0,0,0,0,0,0,0,0,0,0,0,0,0,0,0,0,0,0,0,0,0,0,0,0,0.0,0,0,0,0,0,0,0,1,RB,8.3
6.0,2015,3474,A.Brown,WR,PIT,h,ARI,3.9,8600.0,2015101802,2015-10-18,00-0027793,0,0,0,0,0,0,0,0,0,0,0,0,0,0,3,24,0,23,0,1,0,0,0,0,0,0,1,8,0,8,0,0,0,0,0,0,0,0,0,0,0,0,0.0,0,0,0,0,0,0,0,1,WR,13.7
4.0,2015,5372,Ka.Williams,RB,BUF,h,NYG,14.5,6300.0,2015100407,2015-10-04,00-0032152,0,0,0,0,0,0,0,18,40,0,11,0,0,0,3,30,1,23,23,0,0,0,0,0,0,0,0,0,0,0,0,0,0,0,0,0,0,0,0,0,0,0,0.0,0,0,0,0,0,0,0,1,RB,8.4
15.0,2015,1231,P.Rivers,QB,SD,h,MIA,22.44,7400.0,2015122011,2015-12-20,00-0022942,36,26,311,3,2,0,0,0,0,0,0,0,0,0,0,0,0,0,0,0,0,0,0,0,0,0,0,0,0,0,0,0,0,0,0,0,0,0,0,0,0,0,0.0,0,0,0,0,1,0,0,1,QB,17.96
8.0,2015,6204,B.Walsh,PK,MIN,a,CHI,13.0,4900.0,2015110104,2015-11-01,00-0029576,0,0,0,0,0,0,0,0,0,0,0,0,0,0,0,0,0,0,0,0,0,0,0,0,0,0,0,0,0,0,0,3,3,48,9,2,0,2,0,2,0,0,0.0,0,0,0,0,0,0,0,1,K,8.0
2.0,2015,2930,D.Freeman,RB,ATL,a,NYG,13.9,6300.0,2015092004,2015-09-20,00-0031285,0,0,0,0,0,0,0,12,25,1,7,2,0,0,4,34,0,11,0,0,0,0,0,0,0,0,0,0,0,0,0,0,0,0,0,0,0,0,0,0,0,0,0.0,0,0,0,0,0,0,0,1,RB,4.2
15.0,2015,4571,C.Gragg,TE,BUF,a,WAS,2.1,4500.0,2015122007,2015-12-20,00-0030049,0,0,0,0,0,0,0,0,0,0,0,0,0,0,1,16,0,16,0,0,0,0,0,0,0,0,0,0,0,0,0,0,0,0,0,0,0,0,0,0,0,0,0.0,0,0,0,0,0,0,0,1,TE,3.1
9.0,2015,6037,A.Vinatieri,PK,IND,h,DEN,12.0,4800.0,2015110809,2015-11-08,00-0016919,0,0,0,0,0,0,0,0,0,0,0,0,0,0,0,0,0,0,0,0,0,0,0,0,0,0,0,0,0,0,0,2,2,55,6,3,0,3,0,3,0,0,0.0,0,0,0,0,0,0,0,1,K,8.0
8.0,2015,6172,G.Gano,PK,CAR,h,IND,14.0,4700.0,2015110200,2015-11-02,00-0026858,0,0,0,0,0,0,0,0,0,0,0,0,0,0,0,0,0,0,0,0,0,0,0,0,0,0,0,0,0,0,0,3,3,52,9,2,1,3,0,2,0,0,0.0,0,0,0,0,0,0,0,1,K,8.0
4.0,2015,1207,C.Palmer,QB,ARI,h,STL,16.98,8200.0,2015100410,2015-10-04,00-0021429,46,29,352,1,1,0,0,1,-1,0,-1,0,0,0,0,0,0,0,0,0,0,0,0,0,0,0,0,0,0,0,0,0,0,0,0,0,0,0,0,0,0,0,0.0,0,0,1,0,0,0,0,1,QB,17.42
14.0,2015,5402,T.Rawls,RB,SEA,a,BAL,4.4,7400.0,2015121313,2015-12-13,00-0031897,0,0,0,0,0,0,0,6,44,0,16,0,0,0,0,0,0,0,0,0,0,0,0,0,0,0,0,0,0,0,0,0,0,0,0,0,0,0,0,0,0,0,0.0,0,0,0,0,0,0,0,1,RB,16.0
3.0,2015,2879,C.Polk,RB,HOU,h,TB,0.5,5300.0,2015092703,2015-09-27,00-0029438,0,0,0,0,0,0,0,5,5,0,6,0,0,0,0,0,0,0,0,0,0,0,0,0,0,0,0,0,0,0,0,0,0,0,0,0,0,0,0,0,0,0,0.0,0,0,0,0,0,0,0,1,RB,5.7
6.0,2015,2933,C.Hyde,RB,SF,h,BAL,7.0,7000.0,2015101810,2015-10-18,00-0031045,0,0,0,0,0,0,0,21,55,0,14,0,0,0,2,5,0,4,0,0,0,0,0,0,0,0,0,0,0,0,0,0,0,0,0,0,0,0,0,0,0,0,0.0,0,0,0,0,0,0,0,1,RB,13.9
10.0,2015,3581,N.Washington,WR,HOU,a,CIN,4.2,5200.0,2015111600,2015-11-16,00-0023367,0,0,0,0,0,0,0,0,0,0,0,0,0,0,2,32,0,19,0,0,0,0,0,0,0,0,0,0,0,0,0,0,0,0,0,0,0,0,0,0,0,0,0.0,0,0,0,0,0,0,0,1,WR,5.4
15.0,2015,6229,C.Catanzaro,PK,ARI,a,PHI,10.0,5000.0,2015122001,2015-12-20,00-0030896,0,0,0,0,0,0,0,0,0,0,0,0,0,0,0,0,0,0,0,0,0,0,0,0,0,0,0,0,0,0,0,2,2,38,6,4,1,5,0,4,0,0,0.0,0,0,0,0,0,0,0,1,K,6.0
5.0,2015,2930,D.Freeman,RB,ATL,h,WAS,29.2,7600.0,2015101103,2015-10-11,00-0031285,0,0,0,0,0,0,0,27,153,1,18,6,0,0,7,44,0,9,0,0,0,0,0,0,0,0,0,0,0,0,0,0,0,0,0,0,0,0,0,0,0,0,0.0,0,0,1,0,0,0,0,1,RB,15.5
16.0,2015,6079,J.Brown,PK,NYG,a,MIN,5.0,4700.0,2015122706,2015-12-27,00-0021940,0,0,0,0,0,0,0,0,0,0,0,0,0,0,0,0,0,0,0,0,0,0,0,0,0,0,0,0,0,0,0,1,1,27,3,2,0,2,0,2,0,0,0.0,0,0,0,0,0,0,0,1,K,8.0
4.0,2015,3677,C.Johnson,WR,DET,a,SEA,7.1,8100.0,2015100500,2015-10-05,00-0025389,0,0,0,0,0,0,0,0,0,0,0,0,0,0,7,56,0,15,0,0,0,0,0,0,0,0,0,0,0,0,0,0,0,0,0,0,0,0,0,0,0,0,0.0,0,0,1,0,0,0,1,1,WR,7.2
5.0,2015,6095,N.Novak,PK,HOU,h,IND,9.0,4600.0,2015100800,2015-10-08,00-0023096,0,0,0,0,0,0,0,0,0,0,0,0,0,0,0,0,0,0,0,0,0,0,0,0,0,0,0,0,0,0,0,2,2,49,6,2,0,2,0,2,0,0,0.0,0,0,0,0,0,0,0,1,K,8.0
9.0,2015,5410,J.Crowder,WR,WAS,a,NE,8.0,5700.0,2015110802,2015-11-08,00-0031941,0,0,0,0,0,0,0,0,0,0,0,0,0,0,6,50,0,16,0,0,0,0,0,0,0,0,1,9,0,9,0,0,0,0,0,0,0,0,0,0,0,0,0.0,0,0,1,0,0,0,0,1,WR,3.8
11.0,2015,6194,D.Bailey,PK,DAL,a,MIA,6.0,4600.0,2015112207,2015-11-22,00-0028660,0,0,0,0,0,0,0,0,0,0,0,0,0,0,0,0,0,0,0,0,0,0,0,0,0,0,0,0,0,0,0,1,1,30,3,3,0,3,0,3,0,0,0.0,0,0,0,0,0,0,0,1,K,8.0
6.0,2015,1439,T.Bridgewater,QB,MIN,h,KC,11.46,6600.0,2015101803,2015-10-18,00-0031237,31,17,249,1,2,0,0,3,-5,0,-1,0,0,0,0,0,0,0,0,0,0,0,0,0,0,0,0,0,0,0,0,0,0,0,0,0,0,0,0,0,0,0,0.0,0,0,0,0,0,0,0,1,QB,16.6
11.0,2015,5089,J.Jones,WR,ATL,h,IND,20.5,9100.0,2015112202,2015-11-22,00-0027944,0,0,0,0,0,0,0,0,0,0,0,0,0,0,9,160,0,36,0,0,0,0,0,0,0,0,0,0,0,0,0,0,0,0,0,0,0,0,0,0,0,0,0.0,0,0,0,0,0,0,0,1,WR,16.7
14.0,2015,6016,P.Dawson,PK,SF,a,CLE,5.0,4700.0,2015121310,2015-12-13,00-0004091,0,0,0,0,0,0,0,0,0,0,0,0,0,0,0,0,0,0,0,0,0,0,0,0,0,0,0,0,0,0,0,1,1,44,3,1,0,1,0,1,0,0,0.0,0,0,0,0,0,0,0,1,K,5.0
1.0,2015,3103,C.Johnson,WR,MIN,a,SF,3.7,5600.0,2015091401,2015-09-14,00-0030113,0,0,0,0,0,0,0,0,0,0,0,0,0,0,2,27,0,18,0,0,0,0,0,0,0,0,0,0,0,0,0,0,0,0,0,0,0,0,0,0,0,0,0.0,0,0,0,0,0,0,0,1,WR,5.1
10.0,2015,1131,T.Brady,QB,NE,a,NYG,19.26,9100.0,2015111509,2015-11-15,00-0019596,42,26,334,2,1,0,0,2,9,0,10,0,0,0,0,0,0,0,0,0,0,0,0,0,0,0,0,0,0,0,0,0,0,0,0,0,0,0,0,0,0,0,0.0,0,0,2,0,0,0,1,1,QB,23.06
5.0,2015,2933,C.Hyde,RB,SF,a,NYG,16.2,7000.0,2015101111,2015-10-11,00-0031045,0,0,0,0,0,0,0,21,93,1,22,2,0,0,1,4,0,4,0,0,0,0,0,0,0,0,0,0,0,0,0,0,0,0,0,0,0,0,0,0,0,0,0.0,0,0,0,0,0,0,0,1,RB,7.4
12.0,2015,6159,M.Prater,PK,DET,h,PHI,10.0,4500.0,2015112600,2015-11-26,00-0023853,0,0,0,0,0,0,0,0,0,0,0,0,0,0,0,0,0,0,0,0,0,0,0,0,0,0,0,0,0,0,0,1,1,48,3,6,0,6,0,6,0,0,0.0,0,0,0,0,0,0,0,1,K,8.0
14.0,2015,2484,D.Sproles,RB,PHI,h,BUF,11.5,5100.0,2015121300,2015-12-13,00-0023564,0,0,0,0,0,0,0,7,41,1,15,1,0,0,2,4,0,3,0,0,0,0,0,0,0,0,4,11,0,28,0,0,0,0,0,0,0,0,0,0,0,0,0.0,0,0,0,0,0,0,0,1,RB,5.9
15.0,2015,6225,C.Boswell,PK,PIT,h,DEN,11.0,5000.0,2015122010,2015-12-20,00-0031136,0,0,0,0,0,0,0,0,0,0,0,0,0,0,0,0,0,0,0,0,0,0,0,0,0,0,0,0,0,0,0,2,2,41,6,4,0,4,0,4,0,0,0.0,0,0,0,0,0,0,0,1,K,8.0
3.0,2015,2888,L.Bell,RB,PIT,a,STL,22.7,8800.0,2015092705,2015-09-27,00-0030496,0,0,0,0,0,0,0,19,62,1,23,1,0,0,7,70,0,20,0,0,0,0,0,0,0,0,0,0,0,0,0,0,0,0,0,0,0,0,0,0,0,0,0.0,0,0,0,1,1,0,0,1,RB,11.1
16.0,2015,2741,C.Ivory,RB,NYJ,h,NE,6.2,6900.0,2015122702,2015-12-27,00-0027531,0,0,0,0,0,0,0,11,38,0,17,0,0,0,4,4,0,6,0,0,0,0,0,0,0,0,0,0,0,0,0,0,0,0,0,0,0,0,0,0,0,0,0.0,0,0,1,0,0,0,0,1,RB,6.9
9.0,2015,6079,J.Brown,PK,NYG,a,TB,17.0,4800.0,2015110807,2015-11-08,00-0021940,0,0,0,0,0,0,0,0,0,0,0,0,0,0,0,0,0,0,0,0,0,0,0,0,0,0,0,0,0,0,0,4,4,53,12,2,0,2,0,2,0,0,0.0,0,0,0,0,0,0,0,1,K,9.0
11.0,2015,2998,J.Ajayi,RB,MIA,h,DAL,4.6,5200.0,2015112207,2015-11-22,00-0031590,0,0,0,0,0,0,0,4,13,0,5,0,0,0,2,23,0,20,0,0,0,0,0,0,0,0,0,0,0,0,0,0,0,0,0,0,0,0,0,0,0,0,0.0,0,0,0,0,0,0,0,1,RB,3.6
16.0,2015,2954,J.White,RB,NE,a,NYJ,11.7,6600.0,2015122702,2015-12-27,00-0031062,0,0,0,0,0,0,0,2,4,0,3,0,0,0,5,28,1,13,9,0,0,0,0,0,0,0,0,0,0,0,0,0,0,0,0,0,0,0,0,0,0,0,0.0,0,0,0,0,0,0,0,1,RB,6.0
14.0,2015,5367,M.Bryant,WR,PIT,a,CIN,8.5,7400.0,2015121302,2015-12-13,00-0031373,0,0,0,0,0,0,0,1,1,0,1,0,0,0,7,49,0,18,0,0,0,0,0,0,0,0,0,0,0,0,0,0,0,0,0,0,0,0,0,0,0,0,0.0,0,0,0,0,0,0,0,1,WR,12.6
2.0,2015,6227,B.McManus,PK,DEN,a,KC,9.0,4900.0,2015091700,2015-09-17,00-0029822,0,0,0,0,0,0,0,0,0,0,0,0,0,0,0,0,0,0,0,0,0,0,0,0,0,0,0,0,0,0,0,1,1,54,3,4,0,4,0,4,0,0,0.0,0,0,0,0,0,0,0,1,K,5.0
2.0,2015,2629,J.Charles,RB,KC,h,DEN,16.7,8800.0,2015091700,2015-09-17,00-0026213,0,0,0,0,0,0,0,21,125,1,34,34,0,0,4,2,0,6,0,0,0,0,0,0,0,0,0,0,0,0,0,0,0,0,0,0,0,0,0,0,0,0,0.0,0,0,2,0,0,0,2,1,RB,16.0
1.0,2015,5148,M.Floyd,WR,ARI,h,NO,2.3,6100.0,2015091307,2015-09-13,00-0029638,0,0,0,0,0,0,0,0,0,0,0,0,0,0,1,18,0,18,0,0,0,0,0,0,0,0,0,0,0,0,0,0,0,0,0,0,0,0,0,0,0,0,0.0,0,0,0,0,0,0,0,1,WR,4.6
10.0,2015,6166,C.Barth,PK,TB,h,DAL,6.0,4800.0,2015111502,2015-11-15,00-0026138,0,0,0,0,0,0,0,0,0,0,0,0,0,0,0,0,0,0,0,0,0,0,0,0,0,0,0,0,0,0,0,1,2,52,3,1,0,1,0,1,0,0,0.0,0,0,0,0,0,0,0,1,K,7.0
2.0,2015,5215,M.Wheaton,WR,PIT,h,SF,7.7,5100.0,2015092009,2015-09-20,00-0030460,0,0,0,0,0,0,0,0,0,0,0,0,0,0,2,67,0,48,0,0,0,0,0,0,0,0,0,0,0,0,0,0,0,0,0,0,0,0,0,0,0,0,0.0,0,0,0,0,0,0,0,1,WR,5.6
3.0,2015,5254,J.Matthews,WR,PHI,a,NYJ,7.9,7100.0,2015092702,2015-09-27,00-0031299,0,0,0,0,0,0,0,0,0,0,0,0,0,0,6,49,0,17,0,0,0,0,0,0,0,0,0,0,0,0,0,0,0,0,0,0,0,0,0,0,0,0,0.0,0,0,0,0,0,0,0,1,WR,5.9
16.0,2015,2915,C.Thompson,RB,WAS,a,PHI,7.7,4800.0,2015122600,2015-12-26,00-0030404,0,0,0,0,0,0,0,0,0,0,0,0,0,0,1,12,1,12,12,0,0,0,0,0,0,0,0,0,0,0,0,0,0,0,0,0,0,0,0,0,0,0,0.0,0,0,0,0,0,0,0,1,RB,5.0
5.0,2015,2613,M.Forte,RB,CHI,a,KC,19.4,8400.0,2015101101,2015-10-11,00-0026184,0,0,0,0,0,0,0,18,71,0,10,0,0,0,5,38,1,18,7,1,0,0,0,0,0,0,0,0,0,0,0,0,0,0,0,0,0,0,0,0,0,0,0.0,0,0,0,0,0,0,0,1,RB,10.2
1.0,2015,2900,J.Randle,RB,DAL,h,NYG,12.2,6900.0,2015091312,2015-09-13,00-0030388,0,0,0,0,0,0,0,16,65,0,15,0,0,0,3,42,0,25,0,0,0,0,0,0,0,0,0,0,0,0,0,0,0,0,0,0,0,0,0,0,0,0,0.0,0,0,1,1,1,0,0,1,RB,6.1
13.0,2015,4461,Z.Miller,TE,CHI,h,SF,1.1,5200.0,2015120605,2015-12-06,00-0027125,0,0,0,0,0,0,0,0,0,0,0,0,0,0,1,6,0,6,0,0,0,0,0,0,0,0,0,0,0,0,0,0,0,0,0,0,0,0,0,0,0,0,0.0,0,0,0,0,0,0,0,1,TE,2.7
15.0,2015,1254,A.Smith,QB,KC,a,BAL,12.54,7000.0,2015122006,2015-12-20,00-0023436,25,21,171,1,0,0,0,4,17,0,8,0,0,0,0,0,0,0,0,0,0,0,0,0,0,0,0,0,0,0,0,0,0,0,0,0,0,0,0,0,0,0,0.0,0,0,0,0,0,0,0,1,QB,17.02
6.0,2015,5392,T.Montgomery,WR,GB,h,SD,2.5,5800.0,2015101809,2015-10-18,00-0032200,0,0,0,0,0,0,0,1,4,0,4,0,0,0,2,11,0,6,0,0,0,1,29,0,29,0,0,0,0,0,0,0,0,0,0,0,0,0,0,0,0,0,0.0,0,0,0,0,0,0,0,1,WR,4.0
5.0,2015,3830,J.Maclin,WR,KC,h,CHI,12.5,6900.0,2015101101,2015-10-11,00-0026995,0,0,0,0,0,0,0,0,0,0,0,0,0,0,8,85,0,23,0,0,0,0,0,0,0,0,0,0,0,0,0,0,0,0,0,0,0,0,0,0,0,0,0.0,0,0,0,0,0,0,0,1,WR,13.7
3.0,2015,3983,E.Sanders,WR,DEN,a,DET,11.7,8100.0,2015092713,2015-09-27,00-0027685,0,0,0,0,0,0,0,0,0,0,0,0,0,0,6,87,0,34,0,0,0,0,0,0,0,0,2,6,0,8,0,0,0,0,0,0,0,0,0,0,0,0,0.0,0,0,0,0,0,0,0,1,WR,14.0
14.0,2015,6236,J.Myers,PK,JAC,h,IND,10.0,4600.0,2015121304,2015-12-13,00-0031492,0,0,0,0,0,0,0,0,0,0,0,0,0,0,0,0,0,0,0,0,0,0,0,0,0,0,0,0,0,0,0,1,1,46,3,6,1,7,0,6,0,0,0.0,0,0,0,0,0,0,0,1,K,8.0
3.0,2015,4538,L.Kendricks,TE,STL,h,PIT,2.2,4600.0,2015092705,2015-09-27,00-0027985,0,0,0,0,0,0,0,0,0,0,0,0,0,0,2,12,0,7,0,0,0,0,0,0,0,0,0,0,0,0,0,0,0,0,0,0,0,0,0,0,0,0,0.0,0,0,0,0,0,0,0,1,TE,2.4
15.0,2015,4292,B.Watson,TE,NO,h,DET,13.9,5600.0,2015122100,2015-12-21,00-0022943,0,0,0,0,0,0,0,0,0,0,0,0,0,0,6,49,1,11,1,0,0,0,0,0,0,0,0,0,0,0,0,0,0,0,0,0,0,0,0,0,0,0,0.0,0,0,0,0,0,0,0,1,TE,11.1
3.0,2015,2995,A.Abdullah,RB,DET,h,DEN,11.2,6000.0,2015092713,2015-09-27,00-0032104,0,0,0,0,0,0,0,8,23,0,9,0,0,0,2,19,1,16,16,0,0,0,0,0,0,0,0,0,0,0,0,0,0,0,0,0,0,0,0,0,0,0,0.0,0,0,0,0,0,0,0,1,RB,7.4
14.0,2015,6095,N.Novak,PK,HOU,h,NE,7.0,4500.0,2015121303,2015-12-13,00-0023096,0,0,0,0,0,0,0,0,0,0,0,0,0,0,0,0,0,0,0,0,0,0,0,0,0,0,0,0,0,0,0,2,2,45,6,0,0,0,0,0,0,0,0.0,0,0,0,0,0,0,0,1,K,8.0
3.0,2015,4573,J.Reed,TE,WAS,a,NYG,12.6,5300.0,2015092400,2015-09-24,00-0030472,0,0,0,0,0,0,0,0,0,0,0,0,0,0,6,96,0,26,0,0,0,0,0,0,0,0,0,0,0,0,0,0,0,0,0,0,0,0,0,0,0,0,0.0,0,0,0,0,0,0,0,1,TE,4.2
10.0,2015,1340,M.Stafford,QB,DET,a,GB,16.78,6900.0,2015111501,2015-11-15,00-0026498,38,24,242,2,1,0,0,2,1,0,1,0,0,0,0,0,0,0,0,0,0,0,0,0,0,0,0,0,0,0,0,0,0,0,0,0,0,0,0,0,0,0,0.0,0,0,1,1,1,-5,0,1,QB,15.7
4.0,2015,3809,M.Wallace,WR,MIN,a,DEN,18.3,5400.0,2015100411,2015-10-04,00-0026901,0,0,0,0,0,0,0,0,0,0,0,0,0,0,8,83,1,18,4,0,0,0,0,0,0,0,0,0,0,0,0,0,0,0,0,0,0,0,0,0,0,0,0.0,0,0,0,0,0,0,0,1,WR,5.0
16.0,2015,2896,E.Lacy,RB,GB,a,ARI,15.3,6300.0,2015122710,2015-12-27,00-0030485,0,0,0,0,0,0,0,12,60,0,25,0,0,0,1,28,1,28,28,0,0,0,0,0,0,0,0,0,0,0,0,0,0,0,0,0,0,0,0,0,0,0,0.0,0,0,0,0,0,0,0,1,RB,5.9
3.0,2015,4494,R.Gronkowski,TE,NE,h,JAC,12.1,8400.0,2015092706,2015-09-27,00-0027656,0,0,0,0,0,0,0,0,0,0,0,0,0,0,4,101,0,43,0,0,0,0,0,0,0,0,0,0,0,0,0,0,0,0,0,0,0,0,0,0,0,0,0.0,0,0,0,0,0,0,0,1,TE,12.8
9.0,2015,1409,A.Luck,QB,IND,h,DEN,21.48,8700.0,2015110809,2015-11-08,00-0029668,36,21,252,2,0,0,0,6,34,0,11,0,0,0,0,0,0,0,0,0,0,0,0,0,0,0,0,0,0,0,0,0,0,0,0,0,0,0,0,0,0,0,0.0,0,0,0,0,0,0,0,1,QB,15.74
5.0,2015,2856,R.Hillman,RB,DEN,a,OAK,3.1,6600.0,2015101110,2015-10-11,00-0029683,0,0,0,0,0,0,0,7,21,0,6,0,0,0,1,5,0,5,0,0,0,0,0,0,0,0,0,0,0,0,0,0,0,0,0,0,0,0,0,0,0,0,0.0,0,0,0,0,0,0,0,1,RB,13.2
15.0,2015,3995,G.Tate,WR,DET,a,NO,19.5,6900.0,2015122100,2015-12-21,00-0027891,0,0,0,0,0,0,0,0,0,0,0,0,0,0,6,45,2,12,5,0,0,0,0,0,0,0,2,10,0,14,0,0,0,0,0,0,0,0,0,0,0,0,0.0,0,0,0,0,0,0,0,1,WR,12.9
15.0,2015,4670,W.Tye,TE,NYG,h,CAR,12.8,4900.0,2015122000,2015-12-20,00-0032004,0,0,0,0,0,0,0,0,0,0,0,0,0,0,5,43,1,20,8,0,0,0,0,0,0,0,0,0,0,0,0,0,0,0,0,0,0,0,0,0,0,0,0.0,0,0,0,0,0,0,0,1,TE,3.9
6.0,2015,4270,A.Gates,TE,SD,a,GB,14.0,5500.0,2015101809,2015-10-18,00-0021547,0,0,0,0,0,0,0,0,0,0,0,0,0,0,9,95,0,21,0,0,0,0,0,0,0,0,0,0,0,0,0,0,0,0,0,0,0,0,0,0,0,0,0.0,0,0,0,0,0,0,0,1,TE,11.2
4.0,2015,5376,A.Cooper,WR,OAK,a,CHI,12.9,7200.0,2015100401,2015-10-04,00-0031544,0,0,0,0,0,0,0,0,0,0,0,0,0,0,4,49,1,26,26,0,0,0,0,0,0,0,1,7,0,7,0,0,0,0,0,0,0,0,0,0,0,0,0.0,0,0,0,0,0,0,0,1,WR,7.6
5.0,2015,1175,J.McCown,QB,CLE,a,BAL,35.48,6700.0,2015101105,2015-10-11,00-0021206,51,36,457,2,0,2,1,3,12,1,10,10,0,0,0,0,0,0,0,0,0,0,0,0,0,0,0,0,0,0,0,0,0,0,0,0,0,0,0,0,0,0,0.0,0,0,0,0,0,0,0,1,QB,16.9
1.0,2015,1412,R.Wilson,QB,SEA,a,STL,16.14,8800.0,2015091301,2015-09-13,00-0029263,41,32,251,1,1,0,0,8,31,0,10,0,0,0,0,0,0,0,0,0,0,0,0,0,0,0,0,0,0,0,0,0,0,0,0,0,0,0,0,0,0,0,0.0,0,0,0,0,0,0,0,1,QB,20.82
3.0,2015,2992,T.Gurley,RB,STL,h,PIT,1.9,6300.0,2015092705,2015-09-27,00-0032241,0,0,0,0,0,0,0,6,9,0,4,0,0,0,1,5,0,5,0,0,0,0,0,0,0,0,0,0,0,0,0,0,0,0,0,0,0,0,0,0,0,0,0.0,0,0,0,0,0,0,0,1,RB,4.0
16.0,2015,2859,L.Miller,RB,MIA,h,IND,15.2,6500.0,2015122701,2015-12-27,00-0029615,0,0,0,0,0,0,0,15,31,1,7,1,0,0,5,36,0,14,0,0,0,0,0,0,0,0,0,0,0,0,0,0,0,0,0,0,0,0,0,0,0,0,0.0,0,0,0,0,0,0,0,1,RB,14.1
10.0,2015,1465,J.Winston,QB,TB,h,DAL,14.86,6800.0,2015111502,2015-11-15,00-0031503,39,22,264,0,2,0,0,2,0,1,1,1,0,0,0,0,0,0,0,0,0,0,0,0,0,0,0,0,0,0,0,0,0,0,0,0,0,0,0,0,0,0,0.0,0,0,0,0,0,0,0,1,QB,16.96
16.0,2015,2553,A.Peterson,RB,MIN,h,NYG,18.4,8200.0,2015122706,2015-12-27,00-0025394,0,0,0,0,0,0,0,22,104,1,39,2,0,0,1,15,0,15,0,0,0,0,0,0,0,0,0,0,0,0,0,0,0,0,0,0,0,0,0,0,0,0,0.0,0,0,0,0,0,0,0,1,RB,15.3
5.0,2015,2927,B.Sankey,RB,TEN,h,BUF,5.8,5400.0,2015101106,2015-10-11,00-0031413,0,0,0,0,0,0,0,7,20,0,9,0,0,0,3,23,0,12,0,0,0,2,16,0,25,0,0,0,0,0,0,0,0,0,0,0,0,0,0,0,0,0,0.0,0,0,0,0,0,0,0,1,RB,4.2
16.0,2015,5130,D.Harris,WR,NYG,a,MIN,1.1,5100.0,2015122706,2015-12-27,00-0028114,0,0,0,0,0,0,0,0,0,0,0,0,0,0,1,6,0,6,0,0,0,0,0,0,0,0,2,6,0,12,0,0,0,0,0,0,0,0,0,0,0,0,0.0,0,0,1,1,1,0,0,1,WR,4.4
1.0,2015,2960,A.Blue,RB,HOU,h,KC,5.4,5800.0,2015091306,2015-09-13,00-0031075,0,0,0,0,0,0,0,9,42,0,11,0,0,0,1,7,0,7,0,0,0,0,0,0,0,0,0,0,0,0,0,0,0,0,0,0,0,0,0,0,0,0,0.0,0,0,0,0,0,0,0,1,RB,7.5
4.0,2015,3802,P.Harvin,WR,BUF,h,NYG,4.1,5700.0,2015100407,2015-10-04,00-0026998,0,0,0,0,0,0,0,0,0,0,0,0,0,0,3,26,0,13,0,0,0,2,19,0,20,0,0,0,0,0,0,0,0,0,0,0,0,0,0,0,0,0,0.0,0,0,0,0,0,0,0,1,WR,6.1
16.0,2015,5168,M.Jones,WR,CIN,a,DEN,4.8,5900.0,2015122800,2015-12-28,00-0029293,0,0,0,0,0,0,0,0,0,0,0,0,0,0,3,33,0,15,0,0,0,0,0,0,0,0,0,0,0,0,0,0,0,0,0,0,0,0,0,0,0,0,0.0,0,0,0,0,0,0,0,1,WR,4.3
10.0,2015,6211,C.Sturgis,PK,PHI,h,MIA,5.0,5000.0,2015111505,2015-11-15,00-0030390,0,0,0,0,0,0,0,0,0,0,0,0,0,0,0,0,0,0,0,0,0,0,0,0,0,0,0,0,0,0,0,1,2,37,3,2,0,2,0,2,0,0,0.0,0,0,0,0,0,0,0,1,K,9.0
15.0,2015,2613,M.Forte,RB,CHI,a,MIN,19.4,7900.0,2015122002,2015-12-20,00-0026184,0,0,0,0,0,0,0,8,47,0,13,0,0,0,6,57,1,20,4,0,0,0,0,0,0,0,0,0,0,0,0,0,0,0,0,0,0,0,0,0,0,0,0.0,0,0,0,0,0,0,0,1,RB,14.0
16.0,2015,2604,T.Hightower,RB,NO,h,JAC,30.4,6300.0,2015122700,2015-12-27,00-0026289,0,0,0,0,0,0,0,27,122,2,26,5,0,0,3,47,0,27,0,0,0,0,0,0,0,0,0,0,0,0,0,0,0,0,0,0,0,0,0,0,0,0,0.0,0,0,0,0,0,0,0,1,RB,13.6
5.0,2015,6163,D.Carpenter,PK,BUF,a,TEN,2.0,4700.0,2015101106,2015-10-11,00-0026003,0,0,0,0,0,0,0,0,0,0,0,0,0,0,0,0,0,0,0,0,0,0,0,0,0,0,0,0,0,0,0,0,0,0,0,2,0,2,0,2,0,0,0.0,0,0,0,0,0,0,0,1,K,5.0
2.0,2015,6230,C.Parkey,PK,PHI,h,DAL,5.0,5000.0,2015092012,2015-09-20,00-0030850,0,0,0,0,0,0,0,0,0,0,0,0,0,0,0,0,0,0,0,0,0,0,0,0,0,0,0,0,0,0,0,1,1,46,3,1,0,1,0,1,0,0,0.0,0,0,0,0,0,0,0,1,K,9.0
2.0,2015,2520,F.Jackson,RB,SEA,a,GB,6.6,6000.0,2015092013,2015-09-20,00-0024204,0,0,0,0,0,0,0,0,0,0,0,0,0,0,2,16,1,11,5,0,0,0,0,0,0,0,0,0,0,0,0,0,0,0,0,0,0,0,0,0,0,0,0.0,0,0,1,0,0,0,1,1,RB,5.0
16.0,2015,5258,A.Robinson,WR,JAC,a,NO,24.1,8400.0,2015122700,2015-12-27,00-0031428,0,0,0,0,0,0,0,0,0,0,0,0,0,0,6,151,1,90,90,0,0,0,0,0,0,0,0,0,0,0,0,0,0,0,0,0,0,0,0,0,0,0,0.0,0,0,0,0,0,0,0,1,WR,14.2
12.0,2015,4411,J.Tamme,TE,ATL,h,MIN,9.4,5100.0,2015112901,2015-11-29,00-0026267,0,0,0,0,0,0,0,0,0,0,0,0,0,0,5,69,0,22,0,0,0,0,0,0,0,0,0,0,0,0,0,0,0,0,0,0,0,0,0,0,0,0,0.0,0,0,0,0,0,0,0,1,TE,4.6
2.0,2015,4569,Z.Ertz,TE,PHI,h,DAL,3.2,5200.0,2015092012,2015-09-20,00-0030061,0,0,0,0,0,0,0,0,0,0,0,0,0,0,3,17,0,9,0,0,0,0,0,0,0,0,0,0,0,0,0,0,0,0,0,0,0,0,0,0,0,0,0.0,0,0,0,0,0,0,0,1,TE,10.2
16.0,2015,4571,C.Gragg,TE,BUF,h,DAL,2.9,4500.0,2015122709,2015-12-27,00-0030049,0,0,0,0,0,0,0,0,0,0,0,0,0,0,2,19,0,15,0,0,0,0,0,0,0,0,0,0,0,0,0,0,0,0,0,0,0,0,0,0,0,0,0.0,0,0,0,0,0,0,0,1,TE,2.7
11.0,2015,4574,M.Rivera,TE,OAK,a,DET,2.6,4700.0,2015112201,2015-11-22,00-0030514,0,0,0,0,0,0,0,0,0,0,0,0,0,0,1,21,0,21,0,0,0,0,0,0,0,0,0,0,0,0,0,0,0,0,0,0,0,0,0,0,0,0,0.0,0,0,0,0,0,0,0,1,TE,2.3
14.0,2015,1242,R.Fitzpatrick,QB,NYJ,h,TEN,24.82,7800.0,2015121301,2015-12-13,00-0023682,36,21,263,3,0,0,0,3,23,0,19,0,0,0,0,0,0,0,0,0,0,0,0,0,0,0,0,0,0,0,0,0,0,0,0,0,0,0,0,0,0,0,0.0,0,0,0,0,0,0,0,1,QB,17.7
5.0,2015,2889,G.Bernard,RB,CIN,h,SEA,12.6,6600.0,2015101102,2015-10-11,00-0030456,0,0,0,0,0,0,0,15,80,0,13,0,0,0,5,21,0,10,0,0,0,0,0,0,0,0,0,0,0,0,0,0,0,0,0,0,0,0,0,0,0,0,0.0,0,0,0,0,0,0,0,1,RB,6.5
11.0,2015,2995,A.Abdullah,RB,DET,h,OAK,5.1,5300.0,2015112201,2015-11-22,00-0032104,0,0,0,0,0,0,0,12,44,0,9,0,0,0,1,2,0,2,0,0,0,2,27,0,29,0,0,0,0,0,0,0,0,0,0,0,0,0,0,0,0,0,0.0,0,0,0,0,0,0,0,1,RB,3.6
1.0,2015,1404,C.Kaepernick,QB,SF,h,MIN,10.7,7900.0,2015091401,2015-09-14,00-0027974,26,17,165,0,0,0,0,7,41,0,12,0,0,0,0,0,0,0,0,0,0,0,0,0,0,0,0,0,0,0,0,0,0,0,0,0,0,0,0,0,0,0,0.0,0,0,0,0,0,0,0,1,QB,15.04
12.0,2015,4573,J.Reed,TE,WAS,h,NYG,13.8,5800.0,2015112900,2015-11-29,00-0030472,0,0,0,0,0,0,0,0,0,0,0,0,0,0,8,98,0,26,0,0,0,0,0,0,0,0,0,0,0,0,0,0,0,0,0,0,0,0,0,0,0,0,0.0,0,0,0,0,0,0,0,1,TE,11.0
5.0,2015,6236,J.Myers,PK,JAC,a,TB,7.0,4500.0,2015101104,2015-10-11,00-0031492,0,0,0,0,0,0,0,0,0,0,0,0,0,0,0,0,0,0,0,0,0,0,0,0,0,0,0,0,0,0,0,1,1,31,3,4,0,4,0,4,0,0,0.0,0,0,0,0,0,0,0,1,K,8.0
7.0,2015,6194,D.Bailey,PK,DAL,a,NYG,9.0,5000.0,2015102510,2015-10-25,00-0028660,0,0,0,0,0,0,0,0,0,0,0,0,0,0,0,0,0,0,0,0,0,0,0,0,0,0,0,0,0,0,0,2,2,48,6,2,0,2,0,2,0,0,0.0,0,0,0,0,0,0,0,1,K,5.0
4.0,2015,5217,R.Woods,WR,BUF,h,NYG,2.8,5400.0,2015100407,2015-10-04,00-0030431,0,0,0,0,0,0,0,0,0,0,0,0,0,0,3,33,0,17,0,0,0,0,0,0,0,0,0,0,0,0,0,0,0,0,0,0,0,0,0,0,0,0,0.0,0,0,1,0,0,0,1,1,WR,4.6
16.0,2015,1415,K.Cousins,QB,WAS,a,PHI,32.2,7500.0,2015122600,2015-12-26,00-0029604,46,31,365,4,0,1,1,5,-4,0,0,0,0,0,0,0,0,0,0,0,0,0,0,0,0,0,0,0,0,0,0,0,0,0,0,0,0,0,0,0,0,0,0.0,0,0,1,1,1,-3,0,1,QB,17.18
11.0,2015,3679,J.Jones,WR,GB,a,MIN,21.9,5200.0,2015112205,2015-11-22,00-0025465,0,0,0,0,0,0,0,0,0,0,0,0,0,0,6,109,1,37,27,1,1,0,0,0,0,0,0,0,0,0,0,0,0,0,0,0,0,0,0,0,0,0,0.0,0,0,0,0,0,0,0,1,WR,4.3
1.0,2015,4574,M.Rivera,TE,OAK,h,CIN,0.9,5100.0,2015091310,2015-09-13,00-0030514,0,0,0,0,0,0,0,0,0,0,0,0,0,0,1,4,0,4,0,0,0,0,0,0,0,0,0,0,0,0,0,0,0,0,0,0,0,0,0,0,0,0,0.0,0,0,0,0,0,0,0,1,TE,2.9
6.0,2015,5287,W.Snead,WR,NO,h,ATL,7.5,6200.0,2015101500,2015-10-15,00-0030663,0,0,0,0,0,0,0,0,0,0,0,0,0,0,4,55,0,24,0,0,0,0,0,0,0,0,0,0,0,0,0,0,0,0,0,0,0,0,0,0,0,0,0.0,0,0,0,0,0,0,0,1,WR,12.8
9.0,2015,5097,D.Inman,WR,SD,h,CHI,2.3,5000.0,2015110900,2015-11-09,00-0028411,0,0,0,0,0,0,0,0,0,0,0,0,0,0,3,28,0,14,0,0,0,0,0,0,0,0,0,0,0,0,0,0,0,0,0,0,0,0,0,0,0,0,0.0,0,0,1,0,0,0,1,1,WR,3.8
11.0,2015,2484,D.Sproles,RB,PHI,h,TB,13.4,5400.0,2015112204,2015-11-22,00-0023564,0,0,0,0,0,0,0,6,21,0,7,0,0,0,3,38,1,35,35,0,0,0,0,0,0,0,2,3,0,7,0,0,0,0,0,0,0,0,0,0,0,0,0.0,0,0,0,0,0,0,0,1,RB,4.9
2.0,2015,1263,J.Cutler,QB,CHI,h,ARI,10.2,7200.0,2015092006,2015-09-20,00-0024226,9,8,120,1,1,0,0,3,24,0,10,0,0,0,0,0,0,0,0,0,0,0,0,0,0,0,0,0,0,0,0,0,0,0,0,0,0,0,0,0,0,0,0.0,0,0,1,0,0,0,0,1,QB,17.38
15.0,2015,4461,Z.Miller,TE,CHI,a,MIN,8.7,5500.0,2015122002,2015-12-20,00-0027125,0,0,0,0,0,0,0,0,0,0,0,0,0,0,6,57,0,17,0,0,0,0,0,0,0,0,0,0,0,0,0,0,0,0,0,0,0,0,0,0,0,0,0.0,0,0,0,0,0,0,0,1,TE,4.5
16.0,2015,2987,C.West,RB,KC,h,CLE,6.6,6700.0,2015122704,2015-12-27,00-0030668,0,0,0,0,0,0,0,14,62,0,22,0,0,0,1,-1,0,-1,0,0,0,0,0,0,0,0,0,0,0,0,0,0,0,0,0,0,0,0,0,0,0,0,0.0,0,0,0,0,0,0,0,1,RB,14.0
16.0,2015,1438,J.Manziel,QB,CLE,a,KC,15.24,6000.0,2015122704,2015-12-27,00-0031409,32,13,136,0,1,0,0,11,108,0,34,0,0,0,0,0,0,0,0,0,0,0,0,0,0,0,0,0,0,0,0,0,0,0,0,0,0,0,0,0,0,0,0.0,0,0,0,0,0,0,0,1,QB,15.44
4.0,2015,2495,R.Bush,RB,SF,h,GB,1.1,5300.0,2015100409,2015-10-04,00-0024217,0,0,0,0,0,0,0,1,0,0,0,0,0,0,1,6,0,6,0,0,0,0,0,0,0,0,0,0,0,0,0,0,0,0,0,0,0,0,0,0,0,0,0.0,0,0,0,0,0,0,0,1,RB,3.7
4.0,2015,4574,M.Rivera,TE,OAK,a,CHI,2.2,4900.0,2015100401,2015-10-04,00-0030514,0,0,0,0,0,0,0,0,0,0,0,0,0,0,2,12,0,8,0,0,0,0,0,0,0,0,0,0,0,0,0,0,0,0,0,0,0,0,0,0,0,0,0.0,0,0,0,0,0,0,0,1,TE,2.3
3.0,2015,6120,N.Folk,PK,NYJ,h,PHI,7.0,4600.0,2015092702,2015-09-27,00-0025565,0,0,0,0,0,0,0,0,0,0,0,0,0,0,0,0,0,0,0,0,0,0,0,0,0,0,0,0,0,0,0,1,1,53,3,2,0,2,0,2,0,0,0.0,0,0,0,0,0,0,0,1,K,8.0
1.0,2015,1175,J.McCown,QB,CLE,a,NYJ,2.26,6300.0,2015091305,2015-09-13,00-0021206,8,5,49,0,0,0,0,3,23,0,13,0,0,0,0,0,0,0,0,0,0,0,0,0,0,0,0,0,0,0,0,0,0,0,0,0,0,0,0,0,0,0,0.0,0,0,1,0,0,0,1,1,QB,11.14
